Gene_Symbol,SRR1552444,SRR1552445,SRR1552446,SRR1552447,SRR1552448,SRR1552449,SRR1552450,SRR1552451,SRR1552452,SRR1552453,SRR1552454,SRR1552455
,1,0,0,0,0,0,0,0,0,0,0,0
0610040J01Rik,1,0,0,0,0,0,0,0,0,0,0,0
1600014C10Rik,0,0,0,0,0,0,0,0,0,1,0,0
1700012B07Rik,0,0,0,0,0,1,0,0,0,0,0,0
1810013L24Rik,0,0,0,0,0,0,0,1,0,0,0,0
2010315B03Rik,1,0,0,0,0,0,0,0,0,0,0,0
2410002F23Rik,0,1,0,0,0,0,0,0,0,0,0,0
2610507B11Rik,0,0,0,0,0,0,1,1,0,0,0,1
2700049A03Rik,0,0,1,0,0,0,0,0,0,0,0,0
4932438A13Rik,0,0,0,0,0,0,0,0,0,1,0,0
AI837181,0,0,1,0,0,0,0,0,1,0,0,0
Aamp,0,0,0,0,0,0,0,1,0,0,0,0
Aars,0,0,0,0,0,0,0,1,0,0,0,0
Aars2,0,0,1,0,0,0,0,0,0,0,0,0
Aass,0,0,0,0,1,0,0,0,0,0,0,0
Abca2,0,0,0,0,0,0,0,1,1,0,0,0
Abca3,0,0,0,0,1,0,0,0,0,0,0,0
Abcf1,0,1,1,0,0,0,0,0,0,0,0,0
Abcf2,1,0,0,0,0,0,0,0,1,0,0,0
Abcg2,0,0,0,0,0,0,0,0,0,0,1,0
Abcg5,0,0,0,0,0,0,0,0,0,1,0,0
Abhd12,0,0,0,1,0,0,0,0,0,0,0,0
Abhd13,0,0,1,0,0,0,0,0,0,0,0,0
Abhd17a,1,0,0,0,0,0,0,0,0,0,0,0
Abhd4,0,0,0,0,0,0,0,0,0,0,0,1
Abl2,0,0,0,0,0,0,0,0,0,0,0,1
Abr,0,0,0,0,0,0,0,1,0,0,0,0
Acaa1a,1,0,0,0,0,0,0,0,0,0,0,1
Acacb,0,0,0,0,0,1,0,0,0,0,0,0
Acad11,1,0,0,0,0,0,0,0,0,1,0,0
Acad9,0,0,1,0,0,0,0,0,0,0,0,0
Acadl,0,0,0,0,0,0,0,0,1,0,0,0
Acadvl,1,0,0,0,0,0,0,0,0,0,0,0
Acat1,1,0,0,0,1,0,0,0,0,0,0,0
Acat2,0,0,0,0,0,0,0,0,0,1,0,0
Acbd4,0,0,0,0,0,0,0,2,0,0,0,0
Acd,0,1,0,0,0,0,0,0,0,0,0,0
Acer3,0,0,0,0,0,0,0,0,0,0,1,0
Acin1,0,0,1,1,0,0,0,0,0,0,0,0
Ackr3,0,0,0,0,0,0,0,1,0,0,0,0
Acly,0,0,2,2,2,0,0,0,0,0,0,0
Acot1,0,0,1,0,0,0,1,0,0,0,0,0
Acot9,0,0,0,0,0,0,1,1,0,0,0,0
Acp1,0,0,0,1,0,0,0,0,0,0,0,0
Acp5,0,0,0,0,0,0,0,0,1,0,0,0
Acsl3,1,0,0,0,0,0,0,0,0,0,0,0
Acsl5,0,0,1,0,0,0,0,0,0,0,0,0
Acss2,0,0,0,0,1,0,0,0,0,0,0,0
Acta2,0,0,0,0,0,0,2,3,7,11,17,8
Actb,1,0,1,2,1,0,0,1,1,0,1,0
Actg1,4,6,6,1,0,1,3,3,0,4,1,3
Actg2,0,0,0,0,0,0,0,0,0,1,1,0
Actn1,0,0,0,1,0,0,1,1,3,0,0,0
Actn4,1,0,1,0,0,0,0,0,1,2,2,2
Actr1a,0,0,0,0,0,0,1,0,0,0,0,0
Actr2,0,0,1,0,0,0,0,0,0,0,0,0
Actr3,0,1,0,0,0,0,0,0,1,0,0,0
Acvr1,0,0,0,0,0,0,0,1,0,0,0,0
Adamts1,0,0,0,0,0,0,3,0,0,1,2,2
Adamts4,0,0,0,0,0,0,0,0,1,0,0,0
Adamts7,0,0,1,0,0,0,0,0,0,0,0,0
Adamts9,0,0,0,0,0,0,0,0,0,1,0,0
Add1,0,0,0,0,0,0,0,1,0,0,0,0
Adgra3,0,0,0,0,0,0,1,0,1,0,2,0
Adgrg6,0,0,0,0,0,0,0,0,1,0,0,0
Adgrl2,0,0,0,0,0,0,0,1,0,0,0,0
Adh5,0,0,0,0,0,0,0,0,0,1,0,0
Adipor1,0,0,0,0,1,0,0,0,0,0,0,0
Adrm1,0,0,1,0,0,0,0,0,0,0,0,0
Adss,0,0,0,0,0,1,0,1,0,0,0,0
Afap1,0,0,0,0,0,0,1,0,0,0,0,0
Afdn,1,0,0,0,0,0,0,0,0,0,0,0
Aff1,0,0,0,0,0,0,0,0,0,0,1,0
Aff4,0,0,1,1,0,0,0,1,0,1,1,0
Agap3,0,0,0,0,0,0,0,0,1,0,0,0
Agl,0,0,0,0,0,0,0,0,1,0,0,0
Agpat1,0,0,0,0,0,0,0,0,1,0,0,0
Agps,0,0,0,0,0,0,0,0,1,0,0,1
Agrn,0,0,0,0,0,0,0,0,0,0,1,0
Ahctf1,0,0,0,0,1,0,0,1,1,0,0,0
Ahcy,0,0,0,0,0,0,0,1,0,0,0,0
Ahcyl,0,0,0,0,0,0,0,0,1,0,0,0
Ahnak,4,2,2,2,0,0,0,3,1,2,2,4
Ahr,0,0,0,0,0,0,0,0,0,1,0,0
Aip,0,0,0,0,0,0,0,0,0,1,0,0
Ak1,0,0,0,0,0,0,0,1,0,0,0,0
Akap12,0,0,0,0,0,0,0,1,0,0,0,0
Akr1a1,1,0,0,0,0,0,0,0,0,0,0,0
Akr1e1,0,0,0,0,0,0,0,0,0,0,0,1
Akt1,1,0,0,0,0,1,0,0,0,0,0,0
Akt3,0,0,0,0,0,0,0,1,0,0,0,0
Aldh18a1,0,0,0,0,0,0,1,0,0,0,0,0
Aldh2,1,0,0,0,0,0,0,2,0,0,1,0
Aldh5a1,0,0,0,0,0,0,0,0,0,0,1,0
Aldh6a1,0,0,1,0,0,0,0,0,0,0,0,0
Aldh7a1,0,0,0,0,0,0,1,0,0,0,0,0
Aldoa,0,0,0,0,0,1,0,0,1,0,0,0
Aldoc,0,1,0,0,0,1,0,0,0,0,0,0
Alg10b,0,0,1,0,0,0,0,0,0,0,0,0
Alg2,0,0,0,0,0,1,0,0,0,0,0,0
Alkbh3,0,0,0,0,0,0,0,0,0,1,0,0
Alms1,0,0,0,0,0,0,0,0,0,0,1,0
Alpl,0,0,0,0,0,0,1,0,0,0,1,0
Als2,0,0,0,0,0,0,0,0,0,0,1,0
Alyref,0,1,0,0,0,0,0,0,0,0,0,1
Ambra1,0,0,0,0,0,0,0,1,0,0,0,0
Amd1,0,0,0,0,0,0,0,0,1,0,0,1
Amfr,0,1,0,0,0,0,0,0,0,0,0,0
Amotl1,0,0,0,0,0,0,0,0,0,2,0,0
Anapc1,0,0,0,0,0,0,0,0,0,0,0,1
Anapc2,0,1,0,0,0,0,0,0,0,0,0,0
Anapc5,0,0,0,0,1,0,2,0,0,0,0,0
Anapc7,0,0,0,0,0,0,0,0,0,0,0,1
Angptl4,1,0,0,0,0,0,0,1,0,2,1,2
Ank3,0,0,0,0,0,0,0,0,1,0,0,0
Ankhd1,0,0,0,0,0,0,0,0,1,0,0,0
Ankrd11,0,0,0,0,1,0,1,0,0,1,0,0
Ankrd13a,0,0,0,1,0,0,0,0,0,0,0,0
Ankrd17,1,0,0,0,0,0,0,0,1,0,0,0
Ankrd24,1,0,0,0,0,0,0,0,0,0,0,0
Ankrd26,0,0,0,0,0,0,1,0,0,0,0,0
Ano1,0,0,0,0,0,1,0,0,1,0,1,0
Ano6,0,0,0,0,0,0,0,0,0,0,0,1
Ano8,0,0,0,0,0,0,0,0,1,0,0,0
Anp32b,0,0,0,0,0,0,1,0,0,1,0,0
Anpep,1,0,0,0,0,0,0,0,0,0,0,0
Antkmt,0,0,0,0,0,0,0,0,1,0,0,0
Anxa1,0,0,2,1,0,0,0,0,0,0,2,0
Anxa2,0,2,0,0,0,0,0,0,0,1,0,0
Anxa6,0,0,0,0,0,0,0,0,0,0,1,0
Anxa7,0,0,0,0,0,1,0,0,0,0,0,0
Aoc3,0,0,0,0,0,0,0,0,0,1,0,0
Ap1b1,1,0,1,0,0,0,0,0,0,0,0,0
Ap1m2,0,0,0,0,0,1,0,0,0,0,0,0
Ap2a1,0,0,0,0,0,0,0,0,0,1,0,0
Ap2b1,0,0,0,0,0,0,0,0,0,0,0,1
Ap3d1,0,0,0,1,1,0,0,0,0,0,0,1
Apbb1,0,0,0,0,0,0,0,0,1,0,0,0
Apc,1,0,0,0,0,0,0,0,0,0,0,0
Apcdd1,0,0,0,0,0,0,0,0,0,0,1,0
Apeh,0,0,0,0,0,0,0,0,0,1,0,0
Apex1,0,0,0,0,0,0,0,0,0,0,1,0
Aplp2,0,0,0,0,0,1,2,0,1,0,0,2
Apoc1,0,0,0,0,0,0,0,0,0,1,0,1
Apod,0,0,0,0,0,0,0,0,0,1,0,0
Apoe,0,0,0,0,0,0,1,0,1,0,0,1
Apol10b,0,0,0,0,0,0,0,0,0,1,0,0
App,1,2,0,0,0,0,0,1,0,0,3,0
Appl2,0,0,0,0,1,0,0,0,0,0,0,0
Aqp1,0,0,0,0,0,0,0,1,0,0,0,1
Aqp3,0,0,0,0,1,0,0,0,0,0,0,0
Ar,0,0,0,0,0,0,0,0,0,0,1,0
Arc,0,0,0,0,0,0,0,1,1,0,0,0
Arf1,0,0,0,0,0,0,0,0,1,1,0,0
Arf2,0,0,0,1,0,0,0,0,0,0,0,0
Arf6,0,0,0,0,0,0,0,0,1,0,0,1
Arfip2,0,0,0,0,0,0,0,0,0,0,0,1
Arhgap10,0,0,0,0,0,0,0,0,0,0,0,1
Arhgap21,1,0,0,0,0,0,0,0,0,0,0,0
Arhgap23,0,0,1,0,0,0,0,0,0,0,0,0
Arhgap24,0,0,0,0,0,0,0,0,0,0,0,1
Arhgap29,0,0,0,0,0,0,0,1,0,0,0,0
Arhgap32,0,0,0,0,0,0,0,0,0,0,1,0
Arhgap45,0,0,0,1,0,0,0,0,0,0,0,0
Arhgap5,0,1,0,0,0,0,0,0,0,0,0,0
Arhgef1,0,0,0,0,0,0,0,0,0,0,1,0
Arhgef11,0,0,0,0,0,0,0,0,0,0,0,1
Arhgef12,0,0,1,0,0,0,0,0,1,0,0,0
Arhgef17,0,0,0,0,0,0,0,0,1,0,0,0
Arhgef18,0,0,0,0,0,0,0,0,0,0,1,0
Arhgef19,0,0,0,0,0,0,0,0,1,0,0,0
Arhgef26,1,0,0,0,0,0,0,0,0,0,0,0
Arhgef3,0,1,0,0,0,0,0,0,0,0,0,0
Arhgef40,0,0,0,0,0,0,0,0,0,0,1,0
Arhgef5,0,0,1,1,0,0,0,1,0,0,0,0
Arhgef6,0,1,0,0,0,0,0,0,0,0,0,0
Arid1b,0,0,0,0,0,0,0,1,1,0,0,0
Arid2,0,0,0,0,0,0,0,0,0,0,1,0
Arid5a,0,0,0,0,0,0,1,0,0,0,0,0
Arid5b,0,0,0,0,0,0,0,0,1,0,0,1
Arl13b,0,0,0,0,0,0,0,0,0,1,0,0
Arl4d,0,0,0,0,0,0,0,1,1,0,0,1
Armc1,0,0,0,0,0,0,0,0,0,1,0,0
Arnt,0,0,0,0,0,0,0,0,0,1,0,0
Arpc1a,0,0,0,0,0,0,0,0,0,1,0,0
Arpc1b,1,1,0,0,0,0,0,0,0,0,0,0
Arpc2,1,1,0,0,0,0,0,1,0,1,0,0
Arpc3,0,0,1,0,0,0,0,0,0,0,0,0
Arrdc1,0,0,0,0,1,0,0,0,0,0,0,0
Arvcf,0,0,0,1,0,0,0,0,0,0,0,0
Asb1,1,0,0,0,0,0,0,0,0,0,0,0
Ascc3,0,0,0,0,0,0,1,0,0,0,0,0
Ash2l,0,0,0,0,0,0,0,0,1,0,0,0
Asl,0,0,0,0,0,0,1,0,0,0,0,0
Asns,0,0,0,0,0,0,0,0,0,0,0,1
Asph,0,0,0,0,0,0,0,0,0,0,0,1
Aspscr1,0,0,0,0,1,0,0,0,0,0,0,0
Ass1,0,0,0,0,0,0,0,1,0,0,0,0
Asxl1,0,0,0,1,0,0,0,0,0,0,0,1
Atad1,0,0,0,1,0,0,0,0,0,0,0,0
Atad3a,0,0,0,0,1,0,0,0,0,0,0,0
Atf3,1,0,0,0,0,0,1,0,0,0,0,0
Atf4,1,1,0,0,0,0,1,2,0,1,1,1
Atf7ip,0,0,0,0,0,0,0,0,1,0,0,0
Atg2a,1,0,0,0,0,0,0,0,0,0,0,0
Atg2b,0,0,0,1,1,0,0,0,0,0,1,0
Atg3,0,0,0,0,0,0,0,0,0,1,0,1
Atic,0,0,0,0,0,0,0,1,0,0,0,0
Atl3,0,0,0,0,0,0,0,0,0,0,1,0
Atp11a,0,0,0,0,0,0,0,0,0,0,0,1
Atp11b,0,0,0,0,0,0,1,0,0,0,0,0
Atp13a3,1,0,0,0,0,0,0,0,0,1,0,0
Atp13a4,0,0,0,0,0,1,0,0,0,0,0,0
Atp1a1,0,2,0,0,0,1,0,3,2,2,1,1
Atp1b1,0,0,1,0,0,0,0,0,0,1,0,0
Atp1b3,0,0,0,0,0,0,0,0,0,1,0,0
Atp2a2,1,1,1,0,0,0,0,1,2,1,0,0
Atp2c1,0,0,0,0,0,1,0,0,0,0,0,0
Atp2c2,0,0,0,0,0,1,0,0,0,0,0,0
Atp5a1,0,0,1,0,0,0,1,0,0,0,0,1
Atp5b,1,2,0,1,0,1,0,1,3,1,0,0
Atp5c1,0,0,1,1,0,0,0,0,0,0,0,0
Atp5d,0,0,0,0,0,0,0,0,1,0,0,0
Atp5g1,0,0,0,0,1,0,0,0,0,0,0,0
Atp5g2,1,0,0,0,0,0,0,0,0,0,0,0
Atp5g3,0,0,0,0,0,1,0,0,0,0,0,0
Atp5h,0,0,0,0,0,0,0,0,0,0,0,1
Atp5j,0,0,0,1,0,0,0,0,0,0,0,0
Atp5j2,0,1,0,0,0,0,0,0,0,0,0,0
Atp5pb,0,0,0,0,0,0,0,0,0,1,0,0
Atp6ap2,0,1,0,0,0,0,0,0,0,0,0,0
Atp6v0a1,0,0,1,0,0,1,0,0,0,0,0,0
Atp6v0a2,0,0,0,1,0,0,0,0,0,0,0,0
Atp6v0c,0,1,0,0,0,0,0,0,0,0,2,0
Atp6v1b2,0,0,1,0,0,0,0,0,0,0,0,0
Atp9a,0,0,0,0,0,0,1,0,0,0,0,0
Atpif1,0,0,0,1,0,0,0,0,0,0,0,0
Atr,0,0,0,0,0,0,0,0,0,0,1,0
Atrn,0,0,0,0,1,0,0,0,0,0,0,0
Atrx,0,0,0,0,0,0,1,0,0,0,0,0
Atxn2l,0,0,0,0,0,0,0,0,0,0,0,1
Aup1,0,0,0,0,0,0,0,0,0,0,1,0
Aurkaip1,0,0,0,0,0,0,0,0,0,0,0,1
Auts2,0,0,0,0,0,0,0,0,0,1,0,0
Axin1,0,1,0,0,0,0,0,0,0,0,0,0
B2m,0,0,1,0,0,0,0,0,0,0,0,0
B4galt1,0,0,0,0,1,0,0,0,0,0,0,0
BC005537,0,1,0,0,0,0,1,0,0,0,0,0
Bach1,0,0,0,0,0,0,1,0,0,0,0,0
Bag1,0,1,0,0,1,0,0,0,0,0,0,0
Bag3,0,0,0,0,0,0,1,0,1,0,0,0
Banf1,0,0,1,0,0,0,0,0,0,0,0,0
Baz1a,0,0,1,0,0,0,1,0,0,0,0,0
Baz2b,0,0,0,1,1,0,0,0,0,0,0,0
Bcap31,0,0,0,0,0,0,0,0,0,0,0,1
Bcar1,0,1,0,1,0,0,0,1,0,1,0,0
Bcas3,0,0,0,0,0,0,0,0,0,0,1,0
Bckdk,0,0,0,0,0,0,0,0,0,1,0,0
Bcl2l1,0,0,1,0,0,0,0,0,0,0,0,0
Bcl3,0,0,1,0,0,0,0,0,0,0,0,0
Bcl7b,0,0,0,0,0,0,0,1,0,0,0,0
Bclaf1,0,2,0,0,0,0,0,0,0,0,0,0
Bgn,0,0,0,0,0,0,0,0,0,0,0,2
Bhlhb9,0,0,0,0,0,0,0,0,0,0,0,1
Bhlhe40,0,0,0,1,0,0,0,0,0,1,0,2
Bhlhe41,0,0,0,0,0,0,0,0,0,0,1,0
Bicral,0,0,0,0,0,0,0,1,0,0,0,0
Birc3,0,0,0,1,0,0,0,0,0,0,0,0
Bmp7,0,0,0,0,0,0,0,0,0,0,1,0
Bmpr1a,0,0,0,0,1,0,0,0,0,0,0,0
Bmpr2,0,0,0,0,0,0,0,0,0,1,0,0
Bms1,0,0,1,0,0,0,0,0,0,0,0,0
Bnip2,0,0,0,0,0,0,1,0,0,0,0,0
Bnipl,0,0,1,0,0,0,0,0,0,0,0,0
Boc,0,0,0,0,0,0,0,0,0,0,0,1
Bop1,0,0,0,0,0,0,0,0,0,0,0,1
Bptf,0,0,1,0,0,0,0,1,2,0,0,0
Brap,1,0,0,0,0,0,0,0,0,0,0,0
Brd2,0,0,0,0,0,0,2,0,0,0,0,0
Brd3,0,0,0,0,0,0,0,0,0,0,0,1
Brd4,0,0,0,0,0,0,0,0,0,0,1,0
Brd7,0,0,0,0,0,0,0,0,0,0,1,0
Brd8,0,0,1,0,0,0,0,0,0,0,0,0
Brwd1,0,0,0,0,0,0,0,0,0,1,0,0
Bsdc1,0,0,0,0,0,0,0,0,0,0,1,0
Bsg,1,0,0,0,0,0,0,0,0,0,0,0
Bspry,0,1,0,0,0,0,0,0,0,0,0,0
Btbd3,1,0,0,0,0,0,0,0,0,0,0,0
Btf3,0,0,0,1,0,0,0,0,0,0,0,0
Btg2,1,0,0,0,0,0,0,0,0,0,0,0
Btg3,0,0,0,0,1,0,1,0,0,0,0,0
Btn1a1,1,0,1,0,2,0,0,0,0,0,0,0
Bub1,0,0,0,0,0,0,0,0,0,1,0,0
Bzw1,0,1,0,0,0,0,0,0,0,1,0,0
Bzw2,0,1,0,0,0,0,0,0,0,0,0,0
C1qbp,0,0,0,0,0,0,0,0,0,1,0,0
C1qtnf6,0,0,0,0,0,0,0,0,0,0,0,1
C3,1,0,0,4,1,0,0,0,0,0,0,0
C4b,0,0,0,0,0,0,0,0,1,0,0,0
Cacna1c,0,0,0,0,0,0,0,0,1,0,0,0
Cacna1d,0,0,0,0,0,0,0,0,1,0,0,0
Cacna1e,0,0,0,0,0,0,0,0,0,1,0,0
Cad,0,0,0,0,0,0,0,0,1,0,0,0
Cadps2,0,1,0,0,0,0,0,0,0,0,0,0
Cald1,0,0,0,0,0,0,0,1,1,0,1,0
Calm1,0,1,0,0,0,0,0,0,0,0,0,0
Calm2,0,0,1,0,0,0,2,2,0,0,0,2
Calm3,0,0,0,0,0,0,0,0,0,0,1,0
Calr,1,0,0,0,0,0,0,0,0,0,0,0
Camk2d,0,0,1,0,0,0,0,0,0,0,0,0
Camsap1,0,0,0,0,0,0,0,0,0,1,0,0
Camta1,0,0,1,0,0,0,0,0,0,0,0,0
Cand1,0,0,0,1,0,0,0,0,0,0,0,0
Capn15,0,0,0,0,0,0,0,0,0,0,0,1
Capn2,0,0,0,0,0,0,0,0,0,0,1,0
Capn7,0,0,0,0,0,0,1,0,0,0,0,0
Capns1,1,0,0,0,0,0,0,0,0,0,0,0
Caprin1,0,0,0,0,0,1,0,1,0,0,1,0
Capza1,1,0,0,0,0,0,0,0,0,0,0,0
Capza2,0,0,0,0,0,0,1,0,0,0,0,0
Capzb,0,0,0,0,0,0,0,0,1,0,0,0
Car2,0,1,0,0,0,0,0,0,0,0,0,0
Carm1,0,0,0,0,0,0,0,0,0,1,0,0
Caskin2,0,0,0,0,0,0,0,0,1,0,0,0
Casp1,0,0,0,0,1,0,0,0,0,0,0,0
Casp12,0,0,0,1,0,0,0,0,0,0,1,0
Casp2,0,0,0,0,0,0,0,1,0,0,0,0
Casp8,0,0,0,0,0,0,1,0,0,0,0,0
Casp8ap2,0,0,0,0,0,0,0,0,0,0,0,1
Cast,0,1,0,0,0,0,0,0,0,0,0,0
Cav1,0,0,0,0,0,0,0,0,0,0,0,1
Cavin1,0,0,0,0,0,0,0,0,1,0,0,1
Cavin2,0,0,0,0,0,0,0,0,0,0,1,0
Cblb,0,0,0,0,1,0,0,0,0,0,0,0
Cblc,0,0,0,1,0,0,0,0,0,0,0,0
Cbr2,0,0,0,1,0,0,0,0,0,0,0,0
Cbx8,0,0,0,0,0,0,0,1,0,0,0,0
Cc2d1b,0,0,0,0,0,0,1,0,0,0,0,0
Ccdc166,1,0,0,0,0,0,0,0,0,0,0,0
Ccdc47,0,0,1,0,0,0,0,0,0,0,0,0
Ccdc50,0,0,0,0,0,0,0,0,0,0,0,1
Ccdc88b,1,0,0,0,0,0,0,0,0,0,0,0
Ccdc93,0,1,0,0,0,0,0,0,0,0,0,1
Ccn1,0,0,0,3,0,0,1,0,0,0,0,1
Ccn2,0,0,0,0,0,0,0,0,0,1,0,0
Ccnd1,0,0,0,0,0,0,0,0,0,1,0,0
Ccnh,0,0,0,1,0,0,0,0,0,0,0,0
Ccni,0,0,1,0,0,0,0,0,0,0,0,0
Ccnl1,0,0,0,0,0,1,0,0,0,0,0,0
Ccnl2,1,0,0,0,0,0,0,1,0,1,0,0
Ccnyl1,0,0,0,0,0,0,0,1,0,0,0,0
Ccpg1,0,0,0,0,0,0,0,1,0,0,0,0
Cct2,0,0,1,0,0,0,1,0,0,0,1,1
Cct3,0,1,0,0,0,0,0,0,1,0,0,0
Cct4,0,0,0,0,0,0,1,0,0,0,0,0
Cct5,0,1,0,2,1,0,0,0,0,0,0,0
Cct6a,0,1,0,0,0,1,1,0,1,0,0,0
Cct7,1,1,1,0,1,0,1,0,0,0,0,0
Cct8,0,0,0,0,0,0,0,0,1,1,0,0
Cd200,0,0,0,0,0,0,0,0,0,0,0,1
Cd24a,0,0,0,0,1,0,0,0,0,0,0,0
Cd2ap,0,0,0,0,0,0,0,1,0,0,0,0
Cd36,0,0,0,1,1,2,0,1,0,0,0,0
Cd59a,0,0,0,0,0,0,0,0,1,0,0,0
Cd74,0,0,0,0,0,0,0,0,2,0,0,0
Cd9,3,1,0,1,0,0,0,0,0,0,0,0
Cdc14b,0,1,0,0,0,0,0,0,0,0,0,0
Cdc37,0,0,0,0,0,0,0,0,0,1,0,0
Cdc42,0,0,0,0,0,0,0,0,0,1,0,0
Cdc42bpg,0,0,0,0,0,0,0,0,0,1,0,0
Cdc73,0,1,1,0,0,1,0,0,0,0,0,0
Cdcp1,0,0,0,0,0,0,0,0,1,1,0,0
Cdh1,2,0,1,0,0,1,1,0,0,0,0,0
Cdh3,0,0,0,0,0,0,0,1,2,0,1,0
Cdk12,0,0,0,0,0,0,1,0,0,0,0,0
Cdk16,0,1,0,0,0,0,0,0,0,0,0,0
Cdk19,0,1,0,0,0,0,0,0,0,0,0,0
Cdk4,0,1,0,0,0,0,0,0,1,0,0,0
Cdk5rap2,0,0,0,0,0,0,0,0,1,0,0,0
Cdk9,1,0,0,0,0,0,0,0,0,0,0,0
Cdkn1a,0,0,0,0,0,0,0,0,0,0,1,0
Cdon,0,0,0,0,0,0,0,0,0,1,0,0
Cdv3,0,0,0,0,0,0,0,0,1,0,0,0
Ceacam1,0,0,0,0,0,0,0,0,0,0,0,1
Cebpb,0,2,0,0,0,0,1,1,0,0,0,0
Cebpd,0,1,0,0,1,0,0,0,0,2,0,0
Cel,0,0,1,0,1,0,0,0,0,0,0,0
Celf1,0,0,0,0,0,0,0,0,1,0,0,0
Celsr1,0,0,0,0,0,0,0,0,1,0,0,0
Celsr2,0,1,0,0,0,0,0,0,0,0,0,0
Cenpj,0,1,0,0,0,0,0,0,0,0,0,0
Cep104,0,0,0,0,0,0,0,0,0,0,1,0
Cep120,0,0,1,0,0,0,0,0,0,0,0,0
Cep162,0,0,0,0,0,0,1,0,0,0,0,0
Cep170b,0,0,0,0,0,0,0,1,0,0,1,0
Cep290,0,0,0,0,0,0,0,0,0,1,0,0
Cers6,0,0,0,0,0,0,0,0,0,0,1,0
Cfap54,0,0,0,0,0,0,0,0,0,0,0,1
Cfl1,0,0,0,0,0,0,3,2,1,0,0,1
Chchd2,1,0,0,0,0,0,0,0,0,0,0,0
Chd1,1,0,0,0,0,0,0,0,0,0,0,0
Chd4,1,0,0,1,0,0,0,0,0,0,1,1
Chd6,0,1,0,1,0,0,0,0,0,0,0,0
Chd9,0,0,0,0,0,0,1,0,0,0,0,0
Chdh,0,0,0,0,0,0,0,0,0,0,0,1
Cherp,0,0,1,0,0,0,0,0,0,0,0,0
Chka,0,0,1,1,0,0,0,0,0,0,0,0
Chmp2b,0,0,0,1,0,0,0,1,0,0,0,0
Chordc1,0,1,0,0,0,0,0,0,0,0,0,0
Chp1,0,0,0,0,0,0,0,1,0,0,0,0
Chpf2,0,0,0,0,0,0,0,0,0,0,1,0
Chpt1,0,0,0,0,0,1,0,2,0,0,0,0
Chrdl2,0,0,0,0,1,1,0,0,0,0,0,0
Chsy1,0,0,0,0,0,0,0,0,0,0,0,1
Chtop,0,1,0,0,0,0,0,0,0,0,0,0
Ciao1,1,0,0,0,0,0,0,0,0,0,0,0
Cidea,0,0,1,0,0,0,0,0,0,0,0,0
Cited2,1,0,0,0,0,0,0,0,0,0,0,0
Ckb,0,0,0,0,0,0,0,0,0,1,0,0
Clasp1,0,0,0,0,0,0,0,0,0,0,1,0
Clca3a1,0,0,0,0,0,0,0,0,0,0,1,0
Clca3a2,1,0,0,0,0,0,0,0,0,0,0,0
Clcc1,0,0,0,0,0,0,0,0,0,1,0,0
Clcn7,0,0,0,0,0,0,0,0,0,0,0,1
Cldn3,1,1,0,0,0,0,0,0,0,0,0,0
Cldn4,1,1,0,2,0,0,0,0,0,0,0,0
Cldn7,1,1,0,0,0,0,0,0,0,0,0,0
Clic1,0,0,0,0,0,0,1,0,0,0,0,0
Clint1,0,1,0,0,0,0,0,0,0,0,0,0
Clip1,0,0,0,0,0,0,0,0,0,0,0,1
Clk4,0,0,0,1,0,0,0,0,0,1,0,0
Clmp,0,0,0,0,0,0,0,0,0,0,0,1
Clstn1,1,0,0,0,0,0,2,0,0,1,1,0
Clta,0,0,0,1,0,0,0,0,0,0,0,0
Cltc,1,1,0,1,1,0,0,0,0,0,0,0
Clu,1,1,0,1,1,1,0,1,0,1,0,0
Cluh,0,0,1,0,0,0,0,1,0,0,0,0
Cmc1,0,0,0,0,0,0,0,0,1,0,0,0
Cmip,0,0,1,0,0,0,0,0,0,0,0,0
Cmtm4,0,0,1,0,0,0,0,0,0,0,0,0
Cnksr3,0,0,0,0,0,0,0,1,0,0,0,0
Cnn1,0,0,0,0,0,0,1,0,0,2,2,0
Cnn2,0,0,0,0,0,0,1,0,0,0,0,0
Cnn3,1,0,0,0,0,0,0,0,0,0,0,0
Cnnm3,0,0,0,0,0,0,1,0,0,0,0,0
Cnot1,0,1,1,0,0,0,0,1,0,0,0,0
Cnot6l,0,0,0,0,0,0,0,1,0,0,0,0
Cnpy2,0,0,0,0,0,0,1,0,0,0,0,0
Cntrob,0,0,0,0,0,0,0,0,0,0,0,1
Cobl,1,0,0,0,0,0,0,0,0,0,0,0
Cobll1,0,0,0,0,0,0,0,0,1,1,0,0
Cog1,0,0,0,0,0,0,0,0,1,0,0,0
Cog8,0,0,0,0,0,0,0,0,1,0,0,0
Col11a1,0,0,0,0,0,0,0,0,1,0,0,0
Col14a1,0,0,0,0,0,0,1,0,0,1,0,0
Col16a1,0,0,0,0,0,2,0,0,0,2,1,0
Col17a1,0,0,0,1,0,0,1,0,0,2,1,2
Col18a1,0,0,0,0,0,0,0,0,2,0,0,0
Col4a1,0,0,0,0,0,0,1,2,2,0,2,4
Col4a2,0,0,0,0,0,0,2,1,1,2,1,2
Col4a5,0,0,0,0,0,0,0,0,1,0,2,1
Col4a6,0,0,0,0,0,0,0,1,0,1,0,0
Col6a1,0,0,0,0,0,0,0,1,0,0,2,1
Col7a1,0,0,0,0,0,0,0,0,0,1,0,0
Col8a1,0,1,0,0,0,0,0,0,0,0,0,0
Col9a2,0,1,0,0,0,0,0,2,0,1,0,0
Col9a3,0,0,0,0,0,0,0,1,0,0,1,0
Commd1,0,0,1,0,0,1,0,0,0,0,0,0
Commd8,1,0,0,0,0,0,0,0,0,0,0,0
Copa,0,0,1,0,0,0,0,1,0,0,0,0
Copb2,0,0,1,0,0,1,0,0,0,0,0,0
Cope,0,0,1,0,0,0,0,0,0,0,0,0
Cops2,0,0,0,0,0,0,0,0,0,0,0,1
Cops3,0,1,0,0,0,0,0,0,0,0,0,0
Cops5,0,0,0,0,0,0,1,0,0,0,0,0
Cops6,0,0,0,0,0,1,0,0,0,0,0,0
Copz1,0,0,0,0,1,1,0,0,0,0,0,0
Coq10b,0,0,0,0,0,0,0,0,0,0,0,1
Coro2a,1,0,0,0,0,0,0,0,0,0,0,0
Cotl1,0,0,0,0,0,0,1,0,0,1,0,0
Cox14,0,0,0,0,0,0,0,0,1,0,0,0
Cox18,0,1,0,0,0,0,0,0,0,0,0,0
Cox4i1,1,2,0,0,0,0,0,0,0,0,0,0
Cox5a,0,0,0,0,0,0,1,0,0,0,0,0
Cox5b,0,0,0,0,0,0,0,0,0,1,0,0
Cox6a1,0,1,0,1,0,0,0,0,0,0,0,0
Cox6c,0,0,1,0,0,0,0,0,0,0,0,1
Cox7a2,1,0,0,0,0,0,0,0,0,0,0,0
Cox7a2l,0,0,0,1,0,0,0,0,0,0,0,0
Cp,0,1,0,2,0,0,0,0,0,1,0,0
Cpd,0,0,0,0,1,0,0,0,0,0,0,0
Cplane1,0,0,0,0,0,0,0,1,0,0,0,0
Cpne1,0,0,0,0,0,0,0,0,0,0,0,1
Cpne2,0,0,0,0,0,0,0,0,0,0,1,0
Cpne8,0,0,0,0,0,0,0,0,0,0,0,1
Cpsf1,0,0,0,0,0,1,0,0,0,0,0,0
Cpsf4,0,0,0,0,0,0,0,1,0,0,0,0
Cpt1a,0,1,0,0,0,0,0,0,0,0,0,0
Cpt1c,0,0,0,0,0,0,1,0,0,0,0,0
Cpt2,0,0,0,0,0,0,0,0,0,0,0,1
Creld2,0,0,0,0,0,1,0,0,0,0,0,0
Crim1,0,0,0,0,0,0,0,0,1,0,0,0
Crispld2,0,0,0,0,0,0,0,1,1,0,0,0
Crk,0,0,0,0,0,0,0,0,0,0,1,1
Crnkl1,0,0,0,0,0,0,0,0,0,1,0,0
Crtc2,0,0,0,0,0,0,1,0,0,0,0,0
Cs,0,1,0,0,0,0,0,0,0,0,0,0
Csad,1,0,0,0,0,0,0,0,0,0,0,0
Csf2rb2,0,0,0,0,0,0,0,1,0,0,0,0
Csf3,0,0,0,1,0,0,0,0,0,0,0,0
Csn1s1,1,4,22,24,55,57,1,1,0,2,1,1
Csn1s2a,0,2,26,37,64,70,0,0,1,0,0,0
Csn1s2b,0,0,0,0,2,2,0,0,0,0,0,1
Csn2,2,1,41,36,92,80,0,0,2,0,2,1
Csn3,0,1,9,3,19,15,0,0,1,0,0,0
Csnk1a1,1,0,0,0,0,0,0,0,1,0,0,1
Csnk1d,0,0,0,0,0,0,0,0,1,0,0,0
Csnk2a1,0,0,0,0,0,0,0,0,0,0,0,1
Csrnp1,0,0,0,0,0,0,0,2,1,0,0,1
Csrp1,0,0,0,0,0,0,0,0,2,0,2,1
Cst3,0,0,0,0,0,0,0,1,0,0,0,0
Cstb,0,0,1,0,0,0,0,0,0,0,0,0
Cstf2,0,0,0,0,0,0,0,0,0,0,0,1
Ctdp1,1,0,0,0,0,0,0,0,0,0,0,0
Ctdsp2,0,0,0,0,0,0,0,0,0,0,1,0
Ctdspl,0,0,0,0,0,0,0,0,1,0,0,0
Ctdspl2,0,0,0,0,0,0,1,0,0,0,0,0
Ctnna1,0,0,0,0,0,0,1,0,0,0,2,1
Ctnnal1,0,0,0,0,0,1,0,0,0,0,0,0
Ctnnb1,0,0,0,0,0,0,2,0,0,0,0,1
Ctnnd1,0,1,0,0,0,0,0,0,0,0,0,0
Ctnnd2,0,1,0,0,0,0,0,0,0,0,0,0
Ctps2,0,0,1,0,0,0,0,0,0,0,0,0
Ctsb,0,0,1,1,0,0,0,1,0,0,0,0
Ctsd,0,0,0,0,0,0,0,1,1,0,1,0
Ctsl,0,0,0,0,0,0,1,1,2,0,0,1
Cttn,0,1,0,0,0,0,0,0,1,0,0,0
Cttnbp2nl,0,0,0,0,0,0,0,1,0,0,0,0
Cuedc1,0,0,0,0,0,0,0,0,1,0,0,0
Cul3,1,0,0,0,0,0,0,0,0,0,0,0
Cxadr,0,0,0,1,0,0,0,0,0,0,0,0
Cxcl1,0,1,0,0,0,0,0,0,0,0,0,0
Cxcl14,0,0,0,0,0,0,1,1,0,0,1,0
Cxxc1,0,0,0,0,0,0,1,0,0,0,0,0
Cyb5a,1,0,0,0,0,1,0,0,0,0,0,0
Cyb5r3,0,0,0,0,0,1,0,0,0,0,1,0
Cyb5r4,0,0,1,0,0,0,0,0,0,0,0,0
Cyc1,1,0,0,0,0,1,0,0,0,0,0,0
Cyhr1,0,0,0,0,0,0,0,0,0,1,0,0
Cyld,0,0,0,1,0,0,0,0,0,0,0,0
Cyth3,0,0,0,0,0,0,0,1,0,0,0,0
D8Ertd738e,0,0,1,0,0,0,0,0,0,0,0,0
Dab2,0,0,0,0,1,0,0,0,0,0,0,0
Dad1,1,0,0,0,0,0,0,0,1,0,0,0
Dag1,1,0,0,0,0,0,1,0,0,0,0,1
Dapk3,0,0,0,0,0,0,0,1,0,0,0,0
Dbf4,0,0,0,0,0,0,0,1,0,0,0,0
Dbi,1,1,1,1,0,0,0,0,0,0,0,0
Dbn1,0,0,0,0,0,0,0,0,1,0,0,0
Dbndd2,0,0,0,0,0,0,0,0,0,0,1,0
Dcaf1,0,0,0,0,0,0,0,1,0,0,0,0
Dcaf6,0,1,0,0,0,0,0,0,0,0,0,0
Dcakd,0,0,0,1,0,0,0,0,0,0,0,0
Dcps,0,1,0,0,0,0,0,0,0,0,0,0
Dctn1,0,0,0,0,0,0,0,0,0,1,0,0
Dctn2,0,0,0,0,0,0,0,0,1,0,1,0
Dctn4,0,0,0,0,0,0,1,0,0,0,0,0
Ddb1,1,1,1,0,0,0,0,0,1,1,0,1
Ddit3,0,0,0,0,0,0,1,0,0,0,0,0
Ddost,0,0,0,0,0,0,0,0,1,0,0,0
Ddr1,0,0,0,1,0,0,0,0,0,0,1,0
Ddx1,0,1,0,0,0,0,0,0,0,0,0,0
Ddx17,1,0,1,0,0,0,0,0,0,0,0,0
Ddx21,0,0,0,1,2,0,0,0,0,0,0,0
Ddx23,1,0,1,0,0,0,0,0,0,0,0,0
Ddx39b,0,1,0,0,0,0,0,0,0,0,0,0
Ddx3x,1,1,1,1,0,0,4,0,3,1,3,0
Ddx41,0,0,0,0,0,0,0,0,0,1,0,0
Ddx46,0,1,0,0,0,0,0,0,0,0,0,0
Ddx47,0,0,0,0,0,1,0,0,0,0,0,0
Ddx49,0,0,0,0,0,0,0,0,0,0,0,1
Ddx5,1,4,0,0,0,1,4,2,1,4,0,1
Ddx50,0,0,0,0,0,0,1,0,0,0,0,0
Ddx54,0,0,0,0,0,1,0,0,0,0,0,0
Ddx58,0,0,0,0,0,0,0,0,0,1,0,0
Dedd,0,0,0,0,0,0,0,0,0,0,0,1
Degs1,0,1,0,0,0,0,0,0,0,0,0,0
Dennd4c,0,0,0,0,0,0,1,0,0,0,0,0
Denr,1,1,0,0,0,0,0,0,0,0,0,0
Deptor,0,0,0,0,1,0,0,0,0,0,0,0
Derl2,0,0,0,0,0,0,0,0,0,0,1,0
Desi1,0,0,0,0,0,0,0,0,0,1,0,0
Dgka,0,0,0,0,0,0,1,0,0,0,0,0
Dhps,0,1,0,0,0,0,0,0,0,0,0,0
Dhrs7b,0,0,0,0,0,0,0,0,1,0,0,0
Dhx15,0,0,1,0,0,0,0,0,0,0,0,0
Dhx16,0,0,0,0,0,0,0,0,0,0,1,0
Dhx30,0,0,0,0,0,0,0,1,0,1,0,1
Dhx32,1,0,0,0,0,0,0,0,0,0,0,0
Dhx40,0,0,0,1,0,0,0,0,0,0,0,0
Dhx9,1,0,1,0,0,0,0,0,0,0,0,0
Diaph1,0,0,0,0,0,0,0,0,0,0,1,0
Diaph3,1,0,0,0,0,0,0,0,0,0,0,0
Dido1,0,0,0,0,0,0,0,0,0,2,0,0
Dld,0,0,0,1,0,0,0,0,0,0,0,0
Dlg4,0,0,0,0,0,0,0,0,1,0,0,0
Dll1,0,0,0,0,0,0,1,0,1,2,0,1
Dlst,0,0,0,0,0,0,0,0,0,1,0,0
Dnaja1,1,0,0,1,0,0,1,2,1,0,2,1
Dnaja2,0,0,0,0,0,1,0,0,0,0,0,0
Dnaja4,0,0,0,1,0,0,0,0,0,0,0,0
Dnajb1,0,0,0,0,0,0,1,1,0,0,1,0
Dnajb12,1,0,0,0,0,0,0,0,0,0,0,0
Dnajb4,0,0,0,0,0,1,0,0,0,0,0,0
Dnajb6,0,0,1,0,0,0,0,0,0,0,0,0
Dnajb9,0,0,0,0,1,0,0,0,0,0,0,0
Dnajc1,0,0,0,1,0,0,0,0,0,0,0,0
Dnajc11,0,0,0,0,0,0,0,0,0,1,0,0
Dnajc14,1,0,0,0,0,0,0,0,0,0,0,0
Dnajc3,0,0,0,0,0,0,1,0,0,0,0,0
Dnajc6,0,0,0,0,1,0,0,0,0,0,0,0
Dnhd1,0,0,0,0,0,0,0,0,1,0,0,0
Dnttip2,0,0,0,0,0,0,0,0,0,1,0,0
Dock1,0,0,0,0,0,0,1,0,0,0,0,0
Dock7,0,0,0,0,0,0,0,0,0,0,1,1
Dop1b,0,0,0,0,0,0,0,1,0,0,0,0
Dot1l,0,0,0,0,0,0,0,0,0,1,0,0
Dpysl3,0,0,0,0,0,0,0,1,0,0,0,1
Drap1,0,0,0,0,0,0,0,0,0,1,0,0
Drg1,0,0,0,0,0,0,0,0,0,0,0,1
Drg2,0,0,0,0,1,0,0,0,0,0,0,0
Dsg2,0,0,0,1,0,0,0,0,0,0,0,0
Dsp,0,0,0,0,0,0,2,0,0,1,0,0
Dst,0,0,1,1,0,0,3,2,0,1,3,2
Dstn,0,0,0,0,0,0,1,0,0,0,0,0
Dusp1,0,0,0,0,0,0,1,2,2,1,1,0
Dusp11,0,0,0,0,0,0,0,0,0,1,0,1
Dusp5,1,0,0,1,0,0,0,0,0,0,0,0
Dusp6,1,1,0,0,0,0,0,1,0,0,0,0
Dusp7,0,0,0,0,1,0,0,0,0,0,0,0
Dvl1,0,0,0,0,0,0,0,0,0,0,0,1
Dync1h1,0,0,0,0,0,1,0,0,0,0,1,0
Dync2li1,0,0,0,0,0,0,0,0,1,0,0,0
Dynll1,0,0,0,0,0,1,0,1,0,0,1,0
Dzip1,0,0,0,0,0,0,0,0,0,0,0,1
Echdc1,0,1,0,0,0,0,0,0,0,0,0,0
Echdc3,0,1,0,0,0,0,0,0,0,0,0,0
Ecpas,0,0,0,0,0,0,0,2,1,0,0,0
Ecrg4,0,0,0,0,0,0,0,0,1,0,0,0
Edar,0,0,0,0,0,0,1,0,0,0,0,0
Edem3,0,0,1,0,0,0,0,0,0,0,0,0
Eed,0,0,0,0,0,0,0,0,1,0,0,0
Eef1a1,6,9,3,3,2,2,6,8,5,8,5,4
Eef1b2,1,1,2,1,0,0,0,1,0,0,0,0
Eef1d,0,1,1,0,0,0,1,0,0,0,0,0
Eef1g,1,0,1,0,0,1,1,0,0,0,0,0
Eef2,2,2,2,2,0,1,1,2,2,1,0,0
Eef2k,0,0,0,0,1,0,0,0,0,0,0,0
Efnb2,0,0,0,0,0,0,0,0,1,0,0,0
Efr3a,0,0,0,0,0,0,0,0,0,0,0,1
Efs,0,0,0,0,0,1,0,0,0,0,0,0
Eftud2,0,0,0,0,0,0,0,0,0,0,0,1
Egfl7,0,0,0,0,0,0,0,0,0,0,1,0
Egln2,0,0,0,0,0,1,0,0,0,0,0,0
Egr1,0,0,0,1,0,0,0,1,0,0,0,2
Egr2,1,0,0,0,0,0,0,0,0,0,0,0
Ehbp1,0,0,0,0,0,0,0,0,0,0,1,0
Ehd2,0,0,0,0,0,0,1,0,0,0,0,1
Ehf,0,0,0,1,0,0,0,0,0,0,0,0
Ehhadh,0,0,0,1,0,0,0,0,0,0,0,0
Ehmt1,1,0,0,0,0,0,0,0,0,0,0,0
Ehmt2,0,0,0,0,0,2,0,0,0,0,0,0
Ei24,0,0,0,0,0,0,0,0,0,0,1,0
Eif1,0,0,0,0,0,2,1,0,0,0,1,0
Eif1ax,0,0,1,0,0,0,0,0,0,0,0,0
Eif2a,1,0,0,1,0,0,1,0,0,0,0,0
Eif2b2,1,0,0,0,0,0,0,0,0,0,0,0
Eif2b3,1,0,0,0,0,0,0,0,0,0,0,0
Eif2b5,0,0,0,0,0,0,0,0,0,0,0,1
Eif2s2,0,0,0,0,0,0,0,1,0,0,0,0
Eif2s3x,1,0,0,0,0,0,0,0,0,0,0,1
Eif3a,0,0,0,1,0,0,0,0,1,0,0,0
Eif3c,0,0,0,0,0,0,0,0,1,1,0,0
Eif3d,0,0,0,1,0,1,0,0,0,0,0,0
Eif3f,0,0,1,0,0,0,1,0,0,0,0,0
Eif3h,0,1,0,0,0,0,0,0,0,0,0,0
Eif3i,0,1,0,0,0,1,0,1,0,0,0,1
Eif3k,0,0,0,0,0,0,0,1,0,0,0,0
Eif3m,0,0,0,0,0,1,0,0,0,0,1,0
Eif4a1,0,2,1,0,0,0,1,0,1,2,0,0
Eif4a2,0,1,0,0,0,0,0,0,0,0,0,1
Eif4b,0,0,0,0,0,0,1,0,0,1,0,0
Eif4e,0,0,1,0,0,0,0,0,0,0,0,0
Eif4g1,2,2,0,0,0,1,0,1,2,1,0,0
Eif4g2,1,0,0,0,0,0,1,4,2,2,0,0
Eif4g3,0,0,0,0,0,0,0,0,0,0,1,1
Eif4h,0,0,0,0,0,0,0,1,0,1,0,0
Eif5a,0,0,0,0,1,0,1,0,1,0,0,0
Eif5b,1,0,0,0,0,0,1,0,0,0,0,0
Elf1,0,0,0,0,0,0,0,0,0,1,0,1
Elf2,0,0,0,0,0,0,0,0,1,0,0,0
Elf3,0,1,0,0,0,0,0,0,0,0,0,0
Elf5,0,0,2,0,1,0,0,0,0,0,0,0
Ell2,0,0,0,1,1,0,0,0,0,1,0,0
Elmod2,0,0,0,0,0,0,0,0,0,0,0,1
Eln,0,0,0,0,0,0,0,0,0,1,0,0
Elovl1,0,0,1,0,0,0,0,0,0,0,0,0
Elovl5,0,0,0,0,0,0,0,0,0,0,1,0
Elp2,0,0,0,1,0,0,0,0,0,0,0,0
Emc10,0,0,0,0,0,0,1,0,0,0,0,0
Emc2,0,0,0,0,1,0,0,0,0,0,0,0
Emd,0,0,0,0,0,0,0,0,0,1,0,0
Endov,0,0,0,0,0,0,0,0,0,1,0,0
Eno1,0,0,0,0,0,0,0,0,2,0,0,0
Eno1b,0,0,0,1,0,0,0,0,2,0,0,0
Entpd1,0,0,0,0,0,0,0,0,2,0,0,0
Entpd2,0,0,0,0,0,0,0,0,1,0,0,0
Entpd4,1,0,0,0,0,0,0,0,0,0,0,0
Eogt,0,0,0,0,0,0,0,0,0,0,2,0
Ep300,0,0,0,0,0,0,0,1,0,0,1,1
Epas1,0,0,0,0,0,0,0,1,0,0,0,0
Epb41l2,0,0,0,0,0,0,0,0,0,0,1,0
Epb41l4b,1,0,0,0,0,0,0,0,0,0,0,0
Epc1,0,1,0,0,0,0,0,0,0,0,0,0
Epcam,0,3,0,0,0,0,1,0,0,2,0,0
Epdr1,0,0,0,0,0,0,0,0,0,1,0,0
Epha1,0,0,0,0,0,0,0,0,0,0,0,1
Epha2,2,1,0,0,0,0,0,1,1,0,0,0
Ephx1,0,0,0,0,0,0,0,0,0,0,0,1
Epn1,0,0,0,0,0,1,0,0,0,0,0,0
Eppk1,0,0,0,0,0,0,0,0,0,0,1,0
Eps8,0,0,0,0,0,0,0,0,0,1,0,0
Erap1,1,1,0,0,0,0,0,0,0,0,0,0
Erbin,0,1,0,0,0,0,0,1,0,0,1,0
Ercc2,0,0,1,0,0,0,0,0,0,0,0,0
Ercc3,0,1,0,0,0,0,0,0,0,0,0,0
Erf,0,0,0,0,0,0,0,0,1,0,0,0
Ergic2,0,0,0,0,0,0,0,0,1,0,0,0
Ergic3,0,2,0,1,0,0,0,0,1,0,0,0
Erlec1,0,0,0,0,0,0,0,0,0,1,0,0
Ero1a,0,0,0,0,0,0,0,0,0,0,1,0
Errfi1,0,0,0,1,0,0,1,2,1,1,1,2
Esco1,0,1,0,0,0,0,0,0,0,0,0,0
Esd,0,0,0,0,0,0,1,0,0,0,0,0
Esrp1,0,0,0,0,1,0,0,0,0,0,0,0
Esyt1,2,0,0,0,0,0,0,0,0,0,0,0
Ethe1,0,0,0,0,0,0,0,0,1,0,0,0
Etl4,0,0,0,1,0,0,1,0,0,0,0,0
Ets2,0,1,0,1,0,0,0,0,0,0,0,0
Eva1b,1,0,0,0,0,0,0,0,0,0,0,0
Ewsr1,1,0,0,1,0,0,0,0,1,0,0,0
Exoc5,0,0,0,0,0,1,0,0,0,0,0,0
Exph5,0,0,0,0,1,0,0,0,0,0,0,0
Ext1,0,0,0,0,0,0,0,0,1,1,0,0
Ext2,0,0,0,0,0,0,0,0,0,0,1,0
Extl3,0,0,0,0,0,0,0,0,0,0,1,0
Eya2,0,0,0,0,0,0,1,0,0,0,0,0
Ezr,1,1,1,0,0,0,0,3,0,0,0,0
F11r,0,0,0,0,0,1,1,0,0,0,0,0
Fabp3,0,0,1,0,2,0,0,0,0,0,0,0
Fads1,0,0,1,0,1,1,0,0,0,0,0,0
Fads3,0,0,0,0,0,0,0,0,0,0,0,1
Faf2,0,0,0,0,0,0,1,0,0,0,0,0
Fam120a,0,0,0,0,0,1,0,0,0,0,0,0
Fam13a,0,0,0,0,1,1,0,0,0,0,0,0
Fam13b,0,0,0,0,0,0,0,0,0,0,0,1
Fam193b,0,0,0,1,0,0,0,0,0,0,0,0
Fam234a,1,0,0,0,0,0,0,0,0,0,0,1
Fam234b,0,0,0,1,0,0,0,0,0,0,0,0
Fam3c,0,0,0,1,0,0,0,0,0,0,0,0
Fam43a,0,0,0,1,0,0,0,0,0,0,0,0
Fam83h,0,0,0,0,0,0,0,1,1,0,0,0
Farsa,0,1,0,0,0,0,0,0,0,0,0,0
Farsb,1,0,0,0,0,0,0,0,0,0,0,0
Fasn,0,0,1,1,2,6,0,0,1,0,0,0
Fastkd2,0,0,1,0,0,0,0,0,0,0,0,0
Fastkd3,0,1,0,0,0,0,0,0,0,0,0,0
Fat1,0,0,0,1,0,0,0,1,1,0,0,0
Fau,0,0,0,0,0,0,1,0,0,0,0,0
Fbln2,0,0,0,0,0,0,1,0,0,0,0,0
Fbn1,0,0,0,0,0,0,0,0,1,1,0,0
Fbn2,0,0,0,0,0,0,1,0,0,0,0,0
Fbrs,0,0,0,0,0,0,0,1,0,0,0,0
Fbrsl1,0,0,0,0,0,0,0,0,1,0,0,0
Fbxl5,0,0,1,0,0,0,0,0,0,0,0,0
Fbxo30,1,0,0,0,0,0,0,0,0,0,0,0
Fbxo32,0,0,0,0,0,0,0,0,0,0,0,1
Fbxo34,0,0,0,0,0,0,0,0,0,1,0,0
Fbxw5,0,0,0,0,0,0,0,1,0,0,0,0
Fcgbp,2,3,0,0,0,1,0,0,0,0,0,0
Fchsd2,0,0,0,0,1,0,0,0,0,0,0,0
Fcsk,0,0,0,0,0,1,0,0,0,0,0,0
Fdps,0,0,0,0,0,0,1,0,0,0,0,0
Fem1b,0,0,0,0,0,0,0,1,0,0,0,0
Fem1c,0,0,0,0,0,0,0,1,0,0,0,0
Fermt1,0,0,0,0,0,0,0,0,0,0,0,1
Fermt2,0,0,1,0,0,0,0,0,1,0,0,0
Fgd6,0,0,1,0,0,0,0,0,0,0,0,0
Fgfr1,0,0,0,0,0,0,0,0,0,0,2,0
Fgfr2,1,0,0,0,0,0,1,0,1,0,0,0
Fgfrl1,0,0,0,0,0,0,0,0,0,0,1,0
Fh1,0,0,0,1,0,0,0,1,0,1,0,1
Fhip1b,0,0,0,0,0,1,0,0,0,0,0,0
Fhl2,0,0,1,0,0,0,0,0,0,0,0,0
Fhod3,0,0,0,0,0,0,0,1,0,0,0,1
Fig4,0,0,1,0,0,0,0,0,0,0,0,0
Fip1l1,0,1,0,0,0,0,0,0,0,0,0,0
Fkbp11,0,0,0,0,1,0,0,0,0,0,0,0
Fkbp4,0,0,1,0,0,0,0,1,0,1,0,0
Fkbp5,0,1,0,0,0,0,0,0,0,0,0,0
Flcn,0,0,0,0,0,1,0,0,0,0,0,0
Flii,0,0,0,0,0,0,0,0,0,0,1,0
Flna,0,0,0,1,0,0,5,0,3,6,4,8
Flnc,0,0,0,0,0,0,1,1,0,0,2,0
Fmo2,0,0,0,0,0,0,0,0,0,1,0,0
Fntb,0,0,0,0,0,0,0,0,0,0,1,0
Folr1,0,0,0,0,0,1,0,0,0,0,0,0
Fos,4,1,0,0,1,0,2,1,2,2,1,4
Fosb,0,1,1,0,0,0,0,1,0,1,1,1
Fosl1,0,0,0,0,0,0,0,1,0,0,0,0
Fosl2,0,0,0,0,0,0,1,0,0,0,0,0
Frmd6,0,0,0,0,0,0,0,0,0,0,0,1
Frmd8,1,0,0,0,0,0,0,0,0,0,0,0
Frs2,0,0,0,0,0,0,0,0,0,0,1,0
Fryl,0,1,0,1,0,0,0,0,0,1,0,1
Fstl3,0,0,0,0,0,0,0,1,0,0,0,0
Fth1,1,2,3,4,2,1,0,0,1,1,1,0
Ftl1,0,0,0,1,1,1,0,0,0,0,0,1
Ftl1-ps1,0,0,0,1,0,0,0,0,0,0,0,0
Ftsj1,0,0,0,0,0,0,0,0,1,0,0,0
Fubp1,0,1,0,0,0,0,0,0,0,0,0,0
Fundc1,0,0,0,0,0,1,0,0,0,0,0,0
Fus,0,1,1,0,0,0,1,0,1,0,0,0
Fxr1,0,0,0,0,0,0,0,0,0,1,1,0
Fxr2,0,0,0,0,0,0,1,1,0,0,0,0
Fyco1,0,0,0,0,0,0,0,0,0,0,0,1
G3bp2,1,0,0,1,0,0,0,0,0,0,0,0
G6pdx,0,0,0,0,0,0,0,1,0,0,0,1
Gabarapl1,0,0,0,0,0,0,0,0,0,0,1,0
Gabpb2,0,0,0,1,0,0,0,0,0,0,0,0
Gadd45b,0,0,0,0,1,0,1,0,0,0,0,0
Gadd45g,0,0,1,0,0,0,0,0,0,0,0,0
Gak,0,0,0,1,0,0,0,0,0,0,0,0
Galnt10,0,0,0,0,1,0,0,0,0,0,0,0
Galnt18,0,0,0,0,0,0,0,0,2,0,0,0
Galnt3,0,0,0,2,0,0,0,0,0,0,0,0
Ganab,1,0,0,0,1,0,0,0,0,0,0,1
Gapdh,0,0,0,0,0,0,0,1,0,0,1,0
Gas2l1,0,2,0,0,0,0,0,0,0,0,0,0
Gas6,0,0,0,0,0,0,0,0,0,0,1,0
Gba2,0,0,0,0,0,0,0,0,0,0,1,0
Gbp3,0,0,0,0,0,0,0,1,0,0,0,0
Gca,1,0,0,0,0,0,0,0,0,0,0,0
Gcat,0,0,0,0,0,0,0,1,0,0,0,0
Gcc1,1,0,0,0,0,0,0,0,0,1,1,1
Gclc,0,0,1,0,0,0,0,0,0,0,0,0
Gclm,1,0,0,0,0,0,0,0,0,0,0,0
Gcnt2,0,0,0,0,0,0,0,0,0,0,1,0
Gdi1,0,0,0,1,0,0,0,0,0,0,0,0
Gem,0,0,0,0,0,0,0,0,0,0,0,1
Gemin5,0,0,1,0,0,0,0,0,0,0,0,0
Get3,0,0,0,0,0,0,0,0,0,0,0,1
Gfus,0,1,0,0,0,0,0,0,0,0,0,0
Ggt1,0,0,0,0,0,0,1,0,0,0,0,0
Ghitm,0,0,0,0,0,0,0,1,0,1,0,0
Ghr,0,0,0,0,0,0,0,0,0,0,0,1
Gid4,0,0,0,0,0,0,0,0,0,0,0,1
Gigyf1,0,0,1,0,0,0,0,0,0,0,1,0
Gigyf2,0,0,0,0,0,0,1,0,0,0,0,0
Gin1,0,0,0,0,0,0,0,0,1,0,0,0
Gja1,0,0,0,0,0,0,0,0,1,0,0,0
Gjb4,0,0,0,0,0,0,0,1,1,0,0,0
Gjb5,0,0,0,0,0,0,0,0,1,0,0,0
Gk,0,0,0,0,0,1,0,0,0,0,0,0
Glg1,0,0,1,0,0,0,0,0,0,0,0,0
Glrx3,0,1,2,0,0,0,0,0,0,0,0,0
Glul,0,0,0,1,0,0,0,0,0,1,0,1
Glycam1,0,0,13,11,38,40,0,0,3,1,0,0
Glyr1,0,0,1,0,0,0,0,0,0,0,0,0
Gm10053,0,0,0,0,0,1,0,0,0,0,0,0
Gm10358,0,0,1,0,0,0,0,0,0,0,0,0
Gm11027,0,0,0,0,0,0,0,0,0,0,1,0
Gm13278,0,0,0,0,0,0,0,0,0,0,0,1
Gm2000,0,0,1,0,0,0,0,0,0,0,0,0
Gm20390,0,0,0,0,0,0,0,0,0,1,0,0
Gm20721,0,2,0,0,0,0,0,0,1,0,0,0
Gm21897,0,0,0,0,0,0,0,0,0,0,0,1
Gm2296,0,0,0,0,0,0,1,1,0,0,0,0
Gm2a,0,0,0,0,0,0,0,0,0,1,0,0
Gm3550,0,0,0,0,0,0,0,0,0,0,1,0
Gm45713,0,0,0,0,0,0,2,0,0,1,0,0
Gm49359,0,0,0,0,0,0,0,0,1,0,0,0
Gm49368,0,0,0,0,0,0,0,0,1,0,0,0
Gm49450,0,0,0,0,0,0,0,1,0,0,0,0
Gm49486,0,0,0,0,0,0,0,0,0,0,0,1
Gm49804,0,0,0,0,0,0,0,0,0,1,0,0
Gm5148,0,0,0,1,0,0,0,0,0,0,0,0
Gm8113,0,0,0,0,0,0,0,0,0,0,0,1
Gm8797,0,0,0,0,0,0,0,1,0,0,0,0
Gm8909,0,0,0,0,0,0,1,0,0,0,0,0
Gmeb1,0,0,0,0,0,0,1,0,0,0,0,0
Gmfb,0,0,1,0,0,0,0,0,0,0,0,0
Gnas,0,1,0,0,0,0,0,0,0,0,0,0
Gnb1,0,0,0,0,0,0,0,0,0,1,0,0
Gnb2,1,0,0,0,0,0,0,0,0,1,0,0
Gne,0,0,1,0,0,0,0,0,0,0,0,0
Gnl1,0,1,0,0,0,0,1,1,0,0,1,0
Gnl2,0,1,1,0,0,0,0,0,0,0,0,0
Gnl3,0,1,0,0,0,0,0,0,0,0,0,0
Gnptab,0,0,1,0,0,0,0,0,0,0,0,0
Gnptg,0,0,0,0,0,0,0,0,0,0,0,1
Golim4,0,1,0,0,0,0,0,0,0,0,0,0
Golm2,0,0,0,0,0,0,2,0,0,0,0,0
Golph3,0,0,1,0,0,0,0,0,0,0,0,0
Gorasp2,0,0,0,1,0,0,0,0,1,0,0,0
Gpbp1l1,0,0,0,0,0,0,0,0,1,0,0,0
Gpc6,0,0,0,0,0,0,0,0,1,0,0,0
Gpi1,0,0,0,0,0,0,1,0,1,0,0,1
Gpr137b,0,0,0,0,0,0,1,0,0,0,0,0
Gpr153,0,0,0,0,0,0,0,0,0,1,0,0
Gpr161,0,0,0,0,0,0,0,0,0,0,1,0
Gpr180,0,0,1,0,0,0,0,0,0,0,0,0
Gpr3,0,0,0,0,0,0,0,0,0,0,1,0
Gprc5a,0,0,0,1,0,0,0,0,0,0,0,0
Gprc5b,0,0,0,0,0,1,0,0,0,0,0,0
Gprin3,0,0,0,0,0,0,1,0,0,0,0,0
Gps1,0,0,1,0,0,0,1,0,0,0,0,0
Gpt,0,0,0,1,0,0,0,0,0,0,0,0
Gpx4,0,0,0,0,0,0,1,0,1,0,0,0
Gramd3,0,0,0,0,0,0,1,0,0,0,0,0
Grcc10,0,0,0,0,0,0,0,1,0,0,0,0
Grina,0,0,0,0,0,0,0,0,1,0,0,0
Grk2,0,1,0,0,0,0,0,0,0,0,0,0
Grpel2,0,0,0,0,0,1,0,0,0,0,0,0
Gsk3a,0,0,0,0,0,0,0,0,0,0,0,1
Gsn,1,0,0,0,0,0,1,0,0,0,1,0
Gstk1,0,1,0,0,0,0,0,0,0,0,0,0
Gstp1,0,0,0,0,0,0,0,0,0,0,1,0
Gstz1,1,0,0,0,0,0,0,0,0,0,0,0
Gtf2b,0,0,0,0,0,0,0,1,0,0,0,0
Gtf2f1,0,0,1,0,0,0,0,0,0,0,0,0
Gtf2i,0,0,0,0,0,0,1,0,0,0,0,1
Gtf2ird2,0,0,0,0,0,0,0,0,0,0,0,1
Gtf3c1,0,0,0,1,0,0,0,0,0,0,0,1
Gtpbp4,1,0,0,0,1,0,0,0,0,0,0,0
Guf1,0,1,0,0,0,0,0,0,0,0,0,0
Gvin1,0,0,0,0,0,0,0,0,0,0,1,0
Gys1,0,0,0,0,0,1,0,0,0,0,0,0
H13,1,0,0,0,0,0,0,0,1,0,0,0
H1f0,0,0,0,0,1,0,0,0,0,0,0,0
H2-D1,0,1,3,1,0,0,1,0,1,0,0,0
H2-K1,1,0,0,0,0,1,0,0,1,0,0,1
H2-Q1,0,0,1,0,0,0,0,0,0,0,0,0
H2-Q4,0,1,2,0,0,0,0,0,0,0,0,0
H2-Q7,0,0,0,0,0,0,1,0,0,0,0,0
H2-T23,0,0,0,0,0,0,0,0,0,1,0,0
H2az1,0,0,0,0,1,0,0,0,0,0,0,0
H3f3a,0,0,0,1,0,0,0,0,0,0,0,0
H3f3b,0,0,1,2,0,0,0,1,0,1,0,0
Hacl1,0,0,0,0,0,0,0,0,0,0,1,0
Hadh,0,0,0,0,0,0,0,1,0,0,0,0
Hadhb,0,0,0,0,0,0,0,0,0,1,0,0
Haus7,0,0,0,0,0,1,0,0,0,0,0,0
Hbegf,1,0,0,0,0,0,0,0,0,0,0,0
Hbp1,0,0,0,0,0,0,0,0,0,0,0,1
Hbs1l,0,0,0,0,0,0,0,0,0,0,0,1
Hcfc1,0,1,0,0,0,0,0,0,0,0,0,0
Hdac1,0,0,0,0,0,0,0,1,1,0,0,0
Hdac2,0,0,0,0,0,0,0,0,0,0,1,0
Hdac4,0,0,0,0,0,0,0,1,1,0,0,0
Hdac5,0,0,0,0,0,0,0,1,0,0,0,0
Hdac6,1,0,0,0,0,0,0,0,0,0,0,0
Hdgf,1,0,0,0,0,0,0,0,0,0,0,1
Hdgfl3,0,0,0,0,0,0,1,0,0,0,0,0
Hdlbp,1,0,0,0,0,0,0,0,1,0,0,0
Hdx,0,0,0,0,0,0,0,0,1,0,0,0
Hebp2,0,0,0,0,0,0,0,0,0,0,1,0
Hectd1,0,1,0,0,0,0,0,0,1,0,1,0
Helz,0,0,0,0,0,0,0,0,0,0,0,1
Helz2,0,0,0,0,0,0,0,0,0,0,0,1
Herc1,0,0,0,0,0,0,0,1,1,0,0,0
Herc2,0,0,0,0,0,0,0,0,0,0,0,1
Hes1,0,1,0,0,0,0,0,0,0,0,0,0
Hexb,0,0,0,0,0,0,1,0,0,0,0,0
Hhipl2,0,0,0,0,0,1,0,0,0,0,0,0
Hibadh,0,0,1,0,0,0,0,0,0,0,0,0
Hip1r,0,0,0,0,0,0,0,1,0,0,0,0
Hipk1,0,0,0,1,0,0,0,1,0,0,0,0
Hivep1,1,0,0,0,0,0,0,0,0,0,0,0
Hivep2,0,0,0,0,0,0,0,1,0,0,0,0
Hivep3,0,0,0,1,0,0,0,0,0,0,0,0
Hk1,0,0,0,0,0,0,0,0,1,0,0,0
Hk2,0,0,0,0,0,0,0,0,0,0,0,1
Hmces,1,0,0,0,0,0,0,0,0,0,0,0
Hmg20a,0,0,0,0,0,0,0,0,0,0,0,1
Hmgb1,0,0,1,0,0,0,0,0,0,1,1,0
Hmgb2,0,0,0,0,0,0,0,0,0,1,0,0
Hmgb3,0,0,0,0,0,0,0,0,0,0,0,1
Hmgcs1,1,0,0,0,0,0,0,0,0,0,0,0
Hmgn1,0,0,0,2,0,0,0,0,0,0,0,0
Hmgn5,1,0,0,0,0,0,0,0,0,0,0,0
Hmgxb4,0,0,0,0,0,0,0,0,0,1,0,0
Hmox1,0,0,0,1,0,0,0,1,0,1,0,0
Hnrnpa0,0,0,0,0,0,0,0,1,0,0,1,0
Hnrnpa1,0,1,0,0,0,0,0,0,0,0,0,0
Hnrnpa2b1,0,0,0,0,0,0,2,2,0,1,0,0
Hnrnpa3,0,0,0,0,0,0,0,0,1,0,0,0
Hnrnpab,1,1,0,0,0,0,1,0,1,1,0,0
Hnrnpc,0,0,0,0,0,0,0,1,1,0,0,0
Hnrnpd,0,0,0,0,1,0,0,0,0,0,0,0
Hnrnpdl,2,0,0,1,0,0,0,0,1,0,0,0
Hnrnpf,0,1,1,0,0,0,0,0,0,0,0,0
Hnrnph1,0,0,0,0,0,0,1,0,0,1,0,1
Hnrnph3,0,0,0,0,0,0,0,0,0,0,0,1
Hnrnpk,0,2,0,0,0,0,0,1,0,0,1,0
Hnrnpl,1,0,0,1,0,0,0,0,0,0,1,0
Hnrnpll,0,0,0,0,0,0,2,0,0,0,0,0
Hnrnpr,0,0,1,0,0,0,0,0,0,0,0,0
Hnrnpu,0,0,0,1,1,0,0,2,1,0,1,0
Hnrnpul2,0,0,1,0,0,0,0,1,0,0,0,0
Hook2,0,0,0,0,0,0,1,0,0,0,0,0
Hoxb2,0,0,0,0,0,0,0,0,0,0,1,0
Hoxc4,0,0,0,0,0,0,0,0,0,0,1,0
Hp,1,0,0,0,0,0,0,0,0,0,0,0
Hras,0,0,0,0,0,0,0,0,0,0,1,0
Hsd17b11,0,1,0,0,0,0,0,0,0,0,0,0
Hsd17b12,0,0,0,1,0,0,0,0,0,0,0,0
Hsp90aa1,1,1,0,2,1,1,0,1,0,1,1,1
Hsp90ab1,2,5,1,2,1,0,3,2,1,3,3,1
Hsp90b1,0,0,1,0,0,0,1,1,2,0,0,1
Hspa1a,0,0,0,0,0,0,1,0,0,1,0,1
Hspa1b,0,0,0,1,0,0,1,0,0,0,0,0
Hspa2,0,0,0,0,0,0,0,1,0,0,1,0
Hspa4,0,1,0,0,0,0,0,0,0,0,0,0
Hspa5,1,0,2,0,0,0,2,4,1,2,1,1
Hspa8,2,3,2,6,1,0,3,5,2,1,7,4
Hspa9,1,0,0,1,0,0,0,0,0,0,0,0
Hspb1,0,0,0,0,0,0,0,0,1,1,0,1
Hspd1,1,0,0,0,0,1,0,0,0,0,0,0
Hspe1,0,0,0,0,0,1,0,0,0,0,0,0
Hspe1-rs1,0,0,0,0,0,0,0,0,1,0,0,0
Hspg2,0,0,0,0,0,0,0,0,2,0,1,0
Htt,0,1,0,1,0,0,0,0,0,1,0,0
Huwe1,0,0,0,2,0,0,1,0,0,0,0,0
Hyou1,0,1,0,0,0,0,0,0,0,0,0,0
Ibtk,0,0,0,0,0,0,1,0,0,0,0,0
Icam1,0,0,0,0,0,0,2,2,0,1,1,2
Ide,0,0,0,0,0,1,0,0,0,0,0,0
Idh2,0,0,0,0,0,1,0,0,0,0,0,0
Idh3b,0,0,0,0,0,0,0,0,0,0,0,1
Idi1,0,0,0,0,0,0,0,0,0,0,0,1
Ier2,0,0,0,0,0,0,1,0,0,0,0,0
Ier3,0,0,1,0,0,0,0,0,0,0,0,0
Ier5,1,0,1,0,1,0,0,0,0,0,0,0
Ifi30,0,0,0,0,0,0,0,0,0,1,0,0
Ifitm2,0,0,0,0,0,0,0,0,0,0,1,0
Ifitm3,0,0,0,0,0,0,0,0,0,0,1,0
Ifrd1,0,1,0,0,0,0,1,0,0,0,1,1
Ifrd2,0,0,0,0,0,0,0,0,1,0,0,0
Igdcc4,0,0,0,0,0,0,0,1,0,0,0,0
Igf2r,1,0,1,0,0,0,0,0,0,0,2,0
Igfbp2,0,0,0,0,0,0,0,0,1,1,0,0
Igfbp5,1,0,0,0,0,0,0,1,0,0,0,0
Igfbp6,0,1,0,0,0,0,0,0,0,0,0,0
Igfbp7,0,0,0,0,0,0,0,0,0,0,1,0
Ik,0,0,0,1,0,0,0,0,0,0,0,0
Ikbkb,0,0,1,0,0,0,0,0,0,0,0,0
Ikzf4,0,0,0,0,1,0,0,1,0,0,0,0
Il17re,0,0,0,1,0,0,0,0,0,0,0,0
Il4ra,1,0,0,0,0,0,0,0,1,0,0,0
Il6st,0,0,0,0,0,0,0,0,0,0,3,0
Ilf2,0,0,0,0,0,0,0,0,1,0,0,0
Ilf3,1,0,0,0,0,0,0,0,0,0,0,0
Ilk,0,1,0,0,0,0,0,0,0,0,0,0
Ilkap,1,1,0,0,0,0,0,0,0,0,1,0
Impa1,0,0,0,0,0,0,0,1,0,0,0,0
Impdh1,0,0,0,0,1,0,0,0,0,0,0,0
Impdh2,1,0,0,0,0,0,0,1,0,0,0,0
Incenp,0,1,0,0,0,0,0,0,0,0,0,0
Inf2,0,1,0,0,0,0,1,0,0,0,0,1
Ing1,0,0,0,0,0,0,0,0,0,0,1,0
Ing3,0,0,0,0,0,0,0,1,0,0,0,0
Ino80,0,1,0,0,0,0,0,0,0,0,0,0
Inpp5e,0,0,0,0,0,0,0,0,0,0,1,0
Inppl1,0,2,0,1,0,0,1,1,0,0,0,0
Ints10,0,0,0,1,0,0,0,0,0,0,0,0
Ints11,0,1,0,0,0,0,0,0,0,0,0,0
Ints8,0,0,0,0,0,0,1,0,0,0,0,0
Ipo4,1,0,0,0,0,0,0,0,0,0,0,0
Ipo5,0,0,0,0,0,0,0,0,2,1,0,0
Ipo7,1,1,0,0,0,0,0,0,0,0,0,1
Ipo9,0,0,0,0,0,0,0,0,0,1,1,0
Iqgap1,0,0,1,0,0,0,0,0,0,1,0,0
Irak1,0,0,1,0,0,0,0,0,0,0,0,0
Ireb2,0,1,0,0,0,0,0,0,0,0,0,0
Irf1,0,0,0,0,1,0,0,0,1,0,2,0
Irf2bp1,0,0,0,0,0,0,0,0,0,0,0,1
Irf2bp2,0,0,0,0,0,0,0,0,0,1,0,0
Irf2bpl,1,0,0,0,0,0,0,0,1,0,0,0
Irf3,0,1,0,0,0,0,0,0,0,0,0,0
Irf7,0,0,0,0,0,0,0,0,1,0,0,0
Irgm1,0,0,0,0,0,0,0,0,1,0,0,0
Irs2,0,0,0,0,0,0,1,0,0,0,0,0
Irx2,0,0,0,0,1,0,0,0,0,0,0,0
Irx3,0,1,0,0,0,0,0,0,0,0,0,0
Irx4,0,0,0,0,0,0,1,0,0,0,0,0
Ism1,0,0,0,0,0,0,0,0,0,1,0,0
Isoc1,0,0,0,0,0,0,0,1,0,0,0,0
Isyna1,0,0,0,0,0,0,0,1,1,0,0,0
Itch,0,0,0,0,0,0,0,0,0,0,0,1
Itga3,0,0,1,0,0,0,0,0,0,1,1,0
Itga5,0,0,0,0,0,0,2,0,0,1,1,1
Itga6,0,0,0,0,0,0,0,0,1,1,2,0
Itga8,0,0,0,0,0,0,1,0,0,0,0,0
Itgav,0,0,0,0,1,0,0,0,0,1,0,0
Itgb1,0,0,0,0,0,0,0,1,1,1,0,0
Itgb4,0,0,0,0,0,0,1,1,0,0,0,0
Itm2b,4,0,0,0,0,0,0,0,0,0,0,1
Itm2c,0,0,0,0,0,0,0,0,0,0,1,0
Itpkc,0,0,0,0,0,0,0,0,2,0,0,0
Itpr1,0,0,0,0,0,0,0,0,1,0,0,0
Itpr3,0,0,0,0,1,0,0,0,0,0,0,0
Ivns1abp,1,0,0,0,0,0,0,0,0,0,0,0
Iws1,0,0,0,0,0,0,0,1,0,0,0,0
Jag1,0,0,0,0,0,0,1,0,0,0,0,0
Jag2,0,0,0,0,0,0,1,0,0,0,1,0
Jak1,0,0,1,0,0,0,1,0,0,0,0,0
Jarid2,0,0,0,0,0,0,0,1,0,0,0,0
Jmjd1c,0,1,0,1,0,0,0,0,1,1,0,0
Jmy,0,0,0,0,0,0,0,0,0,1,0,0
Jph2,0,0,0,0,0,0,0,0,0,0,1,0
Jun,1,0,0,0,1,0,2,0,1,0,0,0
Junb,1,1,0,0,0,0,2,0,2,2,0,0
Jund,2,3,1,0,0,0,0,0,0,1,0,1
Jup,0,0,0,0,0,1,0,1,1,1,2,0
Kansl2,0,0,0,0,0,0,0,1,0,1,0,1
Kat2a,0,1,0,0,0,0,0,0,0,0,0,0
Katna1,1,0,0,0,0,0,1,0,0,0,0,0
Kcmf1,0,0,0,0,1,0,1,0,0,0,0,0
Kcnc3,0,0,1,0,0,0,0,0,0,0,0,0
Kcnk5,0,1,0,0,0,0,0,0,0,0,0,0
Kctd17,0,0,0,0,0,0,0,0,0,1,0,0
Kctd5,0,0,0,0,0,0,1,0,0,0,0,0
Kdelr2,0,0,0,0,0,0,0,0,0,1,0,0
Kdm1a,0,1,0,0,0,0,0,0,0,0,0,0
Kdm2a,0,0,0,0,0,0,0,0,1,0,0,0
Kdm4c,0,0,0,0,0,0,1,0,0,0,0,0
Kdm5b,0,0,0,1,0,0,0,0,0,0,0,0
Kdm5c,0,0,1,0,0,0,0,0,0,1,0,0
Kdm6b,0,0,0,0,1,0,0,0,1,0,0,0
Khdrbs1,0,0,0,1,0,0,0,0,0,0,0,0
Khdrbs3,0,0,0,1,0,0,0,0,0,0,0,0
Kif1b,1,0,1,0,0,0,0,0,0,0,1,0
Kif1c,0,1,0,0,0,0,0,0,0,0,1,1
Kif5a,0,0,0,0,0,0,0,0,0,1,0,0
Kif5b,0,0,0,0,1,0,0,0,0,0,0,0
Kifbp,0,0,0,0,0,0,0,0,0,1,0,0
Klc3,0,0,0,1,0,0,0,0,0,0,0,0
Klf10,0,0,0,0,0,0,0,0,1,0,0,0
Klf4,0,0,0,0,0,0,2,0,0,0,0,0
Klf6,0,1,0,0,0,0,1,0,0,0,0,0
Klhdc2,0,0,0,0,1,0,0,0,0,0,0,0
Klhl21,0,0,0,0,0,0,0,0,0,2,1,0
Klhl22,0,0,0,0,0,0,1,0,0,0,0,0
Klhl5,0,0,0,0,0,0,0,0,0,0,1,0
Klhl9,1,0,0,0,0,0,0,0,0,0,0,0
Kmt2a,0,0,0,0,0,0,0,0,0,1,0,0
Kmt2d,1,0,0,0,0,1,1,0,0,0,0,0
Kntc1,0,0,0,0,0,0,0,0,0,1,0,0
Kpna1,0,1,0,0,0,0,0,0,0,0,0,0
Kpna6,0,0,1,0,0,0,1,0,0,0,0,0
Kpnb1,0,0,0,0,0,0,0,0,0,1,0,0
Kremen1,0,0,0,0,0,0,1,0,0,0,0,0
Krr1,0,0,1,0,0,1,0,0,0,0,0,0
Krt14,0,0,0,0,0,0,3,3,4,7,7,3
Krt15,0,0,0,0,0,0,1,1,0,1,1,1
Krt17,0,0,0,0,0,0,2,3,2,4,0,2
Krt18,6,4,1,3,1,0,0,0,0,0,0,0
Krt19,3,2,0,0,0,0,0,0,0,0,0,0
Krt5,0,0,0,0,0,0,2,3,1,2,2,1
Krt7,0,0,0,1,0,0,0,0,0,0,1,0
Krt8,5,11,4,4,0,0,0,0,1,1,1,0
Ktn1,0,0,0,0,0,0,0,0,0,0,1,0
Lag3,0,0,0,0,0,0,1,0,0,0,0,1
Lalba,0,0,0,1,4,3,0,0,0,0,0,0
Lama1,0,0,0,0,0,0,0,0,2,2,2,1
Lama3,0,0,0,0,0,0,0,2,2,1,1,2
Lama4,0,0,1,0,0,0,0,0,0,0,0,0
Lama5,1,0,1,0,1,1,1,0,0,0,0,0
Lamb1,0,0,0,0,0,0,0,0,0,1,0,0
Lamb3,0,0,0,0,0,0,0,0,0,1,0,0
Lamc1,0,0,0,0,0,0,0,1,0,1,0,0
Lamc2,0,0,0,0,0,0,0,1,1,0,4,0
Lamp1,0,0,0,0,0,0,1,1,0,0,0,1
Lamp2,0,0,0,1,0,0,0,0,0,0,0,0
Lao1,0,0,0,0,8,5,0,0,0,0,0,0
Large2,0,0,0,0,0,0,0,0,0,0,0,1
Larp6,0,0,0,0,0,0,1,0,0,0,0,0
Larp7,0,0,0,0,0,0,0,0,0,1,0,0
Lars,0,0,0,0,0,1,0,0,0,0,0,0
Lars2,1,0,0,0,0,0,0,0,0,0,0,0
Las1l,0,1,1,0,0,0,0,0,0,0,0,0
Lasp1,0,1,0,0,0,0,0,0,0,0,0,0
Lats1,0,0,0,0,0,0,0,0,0,1,0,0
Lats2,0,0,0,0,0,0,0,0,0,1,0,0
Lax1,0,0,0,0,0,0,0,0,0,0,1,0
Lbp,0,0,0,1,0,1,0,0,0,0,0,0
Lcn2,0,0,1,0,1,2,1,0,3,1,1,0
Lcp1,0,0,0,1,0,0,0,0,0,0,0,0
Ldb1,0,0,0,0,0,0,0,0,0,0,0,1
Ldha,1,1,1,0,0,1,1,2,1,1,1,0
Ldlrap1,0,0,0,1,0,0,0,0,0,0,0,0
Leng8,0,1,0,0,0,0,0,0,0,0,0,1
Lgals1,0,0,0,0,0,0,0,1,0,0,0,1
Lgals3bp,0,0,0,0,0,1,0,0,0,0,0,0
Lgals7,0,0,0,0,0,0,1,0,0,0,0,0
Lgr4,0,0,0,0,0,0,1,0,0,0,0,0
Lhfp,0,0,0,0,0,0,0,0,0,0,1,0
Lima1,0,0,0,0,0,0,0,0,0,0,0,1
Lime1,0,0,0,0,0,0,0,0,0,0,0,1
Limk2,0,0,0,0,0,0,0,0,0,1,0,0
Lin7c,0,0,0,0,0,0,0,0,1,0,0,0
Lins1,0,0,0,0,0,0,1,0,0,0,0,0
Lipe,0,0,0,1,0,0,0,0,0,0,0,0
Litaf,0,0,0,2,0,0,0,0,0,0,0,0
Llgl1,0,0,0,0,0,0,1,0,0,0,0,0
Lmbrd1,1,0,0,0,0,0,0,0,0,0,0,0
Lmna,4,3,0,2,0,0,0,1,1,1,1,2
Lmo4,0,0,0,0,0,0,0,0,0,0,0,1
Lmtk2,0,0,0,0,0,0,0,0,0,0,1,0
Lonp1,0,0,0,0,0,0,1,0,0,0,0,0
Lonp2,0,1,0,0,0,0,0,0,0,0,0,0
Lpin1,0,0,1,1,1,0,0,0,0,0,0,0
Lpl,0,0,0,0,1,2,0,0,0,0,0,0
Lrch4,1,0,0,0,0,0,0,0,0,0,0,0
Lrig1,0,0,0,0,0,0,0,0,1,0,0,1
Lrp1,0,0,0,0,0,0,1,0,0,0,0,1
Lrp1b,0,0,0,0,0,0,0,0,0,1,0,0
Lrp4,0,0,0,0,0,0,0,0,1,0,0,0
Lrp6,0,0,0,0,0,0,0,0,0,0,0,1
Lrrc59,0,0,0,0,1,0,0,0,0,0,0,0
Lrrc8a,0,0,0,0,1,0,0,0,0,0,0,0
Lrrfip1,0,0,0,0,0,0,0,0,0,0,0,1
Lrrfip2,0,0,0,0,0,0,0,0,0,0,0,1
Lsm3,1,0,0,0,0,0,0,0,0,0,0,0
Lsm4,0,0,0,0,0,0,0,0,0,1,0,0
Lta4h,0,0,1,0,0,0,0,0,0,0,0,0
Ltbp2,0,0,0,0,0,0,1,0,0,0,0,0
Ltbp4,0,0,0,0,0,0,0,0,0,0,0,1
Ltf,0,1,1,3,3,3,0,0,0,0,0,0
Ltn1,0,1,0,0,0,0,0,0,0,0,0,0
Luc7l2,1,0,0,0,0,0,0,0,0,1,0,0
Luc7l3,0,0,0,0,0,0,0,1,0,0,0,0
Ly6e,1,1,1,0,1,0,0,0,0,0,0,0
Ly6k,0,1,0,0,0,0,0,0,0,0,0,0
Lyrm4,0,1,0,0,0,0,0,0,0,0,0,0
M6pr,0,0,1,0,0,0,1,0,0,1,0,1
Macc1,0,0,1,0,0,0,0,0,0,0,0,0
Maco1,0,0,0,0,0,0,0,1,0,0,0,0
Macrod1,0,0,1,0,0,0,0,0,0,0,0,0
Mad2l2,1,0,0,0,0,0,0,0,0,0,0,0
Maff,0,0,0,1,0,0,0,0,0,0,0,0
Mafk,0,0,0,0,0,0,0,0,1,0,0,0
Maged1,0,1,0,0,0,0,1,0,0,0,0,0
Mageh1,0,0,0,0,0,0,0,0,0,0,0,1
Magi1,0,0,0,0,0,0,0,0,0,0,0,1
Magi3,0,0,0,1,0,0,0,0,0,0,0,0
Magoh,0,0,0,0,0,0,0,0,0,0,0,1
Maml1,0,1,0,0,0,0,0,0,0,0,0,0
Maml3,0,1,0,0,0,0,0,0,0,0,0,0
Man1a,1,0,0,0,0,0,0,0,0,0,0,0
Man2a2,0,0,0,0,0,0,0,0,0,1,0,0
Map1lc3a,0,0,0,0,0,0,0,0,1,0,0,0
Map2k3,0,0,0,1,0,0,0,0,0,0,2,1
Map3k1,1,0,0,0,0,0,0,0,0,0,0,0
Map3k11,0,0,0,0,0,0,1,0,0,0,0,0
Map3k20,1,0,0,0,0,0,0,0,0,0,0,0
Map4,0,0,0,0,0,0,0,0,0,0,0,2
Map4k2,0,0,0,0,0,0,0,0,0,0,0,1
Map7,0,0,0,0,0,0,0,0,0,1,0,0
Map7d1,0,0,0,1,0,0,0,0,0,0,0,0
Mapk1,1,0,0,0,0,0,0,0,0,0,0,0
Mapk6,0,0,1,0,1,0,0,0,0,0,0,0
Mapk7,0,0,0,0,0,1,0,0,0,0,0,0
Mapk8ip3,0,0,0,0,0,0,0,0,0,1,1,0
Mapre1,0,0,0,0,0,0,0,0,1,0,0,0
Mapt,0,0,0,0,0,0,0,0,0,0,0,1
Marchf2,0,0,0,1,0,0,0,0,0,0,1,0
Marchf5,1,0,0,0,0,0,0,0,0,0,0,0
Marchf7,0,0,0,0,0,1,0,0,0,0,0,0
Marcks,0,0,1,0,0,0,0,0,0,0,0,0
Marcksl1,0,0,0,0,0,0,0,0,0,1,0,0
Mark1,0,0,0,0,0,0,0,0,2,0,0,0
Mark3,0,0,1,0,0,0,0,0,0,0,0,0
Mars1,0,1,0,1,0,0,0,0,0,0,0,0
Mast2,0,0,0,0,0,0,1,0,0,0,0,0
Mast4,0,0,0,0,0,1,0,0,0,0,0,0
Mat2a,0,0,0,1,0,0,0,1,0,1,1,0
Matn2,0,0,0,0,0,0,0,0,0,0,1,1
Matr3,0,0,1,1,0,0,0,0,2,0,0,0
Maz,0,0,0,0,0,0,0,0,1,0,0,0
Mbip,0,0,0,0,1,0,0,0,0,0,0,0
Mbnl1,1,0,0,0,0,0,0,0,0,0,0,0
Mbnl2,0,1,0,0,0,0,0,0,0,0,0,0
Mbtps1,0,0,0,0,0,0,1,0,0,0,0,0
Mcam,0,0,0,0,0,0,0,1,0,0,0,0
Mcl1,0,0,0,1,0,0,0,0,0,0,0,0
Mcm3ap,0,0,1,0,0,0,0,1,0,0,0,0
Mcm4,0,0,0,0,2,0,0,0,0,0,1,0
Mcm5,1,0,0,0,0,0,0,0,0,0,0,0
Mdfi,0,0,0,1,0,0,0,0,0,0,0,0
Mdga1,0,0,0,0,1,0,0,0,0,0,0,0
Mdh1,0,0,0,0,1,0,0,0,0,0,0,1
Mdh2,1,0,0,0,0,0,0,0,0,0,0,0
Mdn1,1,0,0,0,0,0,0,0,0,0,0,0
Me1,0,0,0,0,0,1,0,0,0,0,0,0
Meaf6,0,0,0,0,0,0,0,0,1,0,0,0
Med1,0,0,0,0,0,1,0,0,0,0,0,0
Med12,0,0,0,0,1,0,0,0,0,0,0,0
Med13,0,0,2,0,0,0,1,0,0,0,1,0
Med13l,0,0,0,0,0,0,0,1,0,1,0,0
Med14,0,0,0,1,0,0,0,0,0,0,0,0
Med23,0,1,0,0,0,0,0,0,0,0,0,0
Megf6,0,0,0,0,0,0,0,0,0,0,1,0
Met,0,0,0,0,0,0,0,0,0,0,1,0
Metap2,0,0,0,0,1,0,0,1,0,0,0,0
Mettl16,0,0,0,0,0,0,0,0,1,0,0,0
Mex3b,0,0,0,0,0,0,0,1,0,0,0,0
Mex3c,0,0,0,0,0,0,0,0,0,0,0,1
Mfge8,2,3,1,0,2,5,0,1,1,0,0,0
Mfn1,0,0,0,1,0,0,1,0,0,0,0,0
Mfn2,1,0,0,0,0,0,0,0,0,0,0,0
Mfsd11,0,0,0,0,1,0,0,0,0,0,0,0
Mfsd2a,0,0,0,0,0,0,1,0,0,0,0,0
Mgst1,1,0,3,1,0,0,0,0,0,0,0,0
Mia2,0,0,0,1,0,0,0,0,0,0,0,0
Mical2,0,0,0,0,0,0,1,0,0,0,0,1
Mical3,0,0,0,0,0,0,0,0,1,0,1,0
Micall1,0,0,0,1,0,0,0,0,0,0,0,0
Micall2,0,0,0,0,0,0,0,0,2,0,0,0
Micu2,0,0,0,0,1,0,0,0,0,0,0,0
Midn,0,1,1,0,0,0,0,0,0,0,0,1
Mief1,0,0,1,0,0,0,0,0,0,0,0,0
Mien1,0,0,0,0,1,0,0,0,0,0,0,0
Mipol1,0,0,0,0,0,0,0,1,0,0,0,0
Mis12,0,0,0,1,0,0,0,0,0,0,0,0
Mki67,0,0,0,1,0,0,0,0,0,0,0,0
Mknk1,1,0,0,0,0,0,0,0,0,0,0,0
Mknk2,0,0,0,0,0,0,0,1,0,0,0,0
Mlf1,0,0,0,0,0,0,0,1,0,0,0,0
Mme,0,0,0,0,0,0,1,0,0,1,0,1
Mmp14,0,0,0,0,0,0,0,1,1,0,0,1
Mmp2,0,0,0,0,0,0,0,0,1,2,0,0
Mms19,0,1,0,0,0,0,0,0,1,0,0,0
Mob1a,0,0,1,0,0,0,0,0,0,0,0,0
Mob2,0,0,1,0,0,0,0,0,0,0,0,0
Mob3a,0,0,0,0,0,0,0,1,0,0,0,0
Mocs1,0,0,0,0,0,1,0,0,0,0,0,0
Morf4l1,0,0,0,0,0,0,2,0,0,0,0,0
Mpc1,0,0,0,0,1,0,0,0,0,0,0,0
Mphosph10,0,0,1,0,0,0,0,0,0,0,0,0
Mprip,0,0,0,0,0,0,0,0,0,0,1,0
Mrpl23,0,0,0,0,0,0,0,0,1,0,0,0
Mrpl28,0,0,0,0,0,0,0,0,0,1,0,0
Mrpl51,1,0,0,0,0,0,0,0,0,0,0,0
Mrps14,0,0,0,1,0,0,0,0,0,0,0,0
Mrps21,0,0,0,0,0,0,0,1,0,0,0,0
Mrps28,0,0,0,0,1,0,0,0,0,0,0,0
Msh3,0,0,0,0,0,0,0,0,0,1,0,0
Msh6,0,0,0,0,0,0,0,0,0,0,0,1
Msl1,0,1,0,0,0,0,0,0,0,0,0,1
Msl2,1,0,0,0,0,0,0,0,0,0,0,0
Msrb3,0,0,0,0,0,0,0,1,1,0,0,0
Msto1,0,1,0,0,0,0,0,0,0,0,0,0
Mt1,0,0,0,0,0,0,2,2,0,0,0,0
Mt2,0,0,1,2,1,0,3,0,3,0,3,1
Mta2,0,0,0,0,0,0,1,1,1,0,1,1
Mtarc2,0,0,0,0,0,1,0,0,0,0,0,0
Mtch1,0,0,0,0,0,0,0,0,0,0,0,1
Mtcl1,0,0,0,0,1,0,0,1,0,0,0,0
Mtf2,0,1,0,0,0,0,0,0,0,0,0,0
Mtfr1l,0,0,1,0,0,0,0,0,0,0,0,0
Mthfd1,1,0,0,0,0,0,0,1,1,0,0,0
Mtif2,0,0,0,0,0,0,0,0,0,0,1,0
Mtln,0,0,0,0,0,0,0,0,1,0,0,0
Mtmr11,0,0,0,0,0,0,0,0,0,0,1,0
Mtmr6,0,0,0,0,0,0,0,0,0,0,0,1
Mtr,0,0,0,0,0,0,0,1,0,0,0,0
Mtrex,0,0,0,0,0,0,0,0,1,0,1,0
Mtrf1,0,0,0,0,0,0,0,0,0,0,0,1
Mtrr,0,0,0,0,0,0,0,0,0,0,0,1
Mtss1,0,0,0,0,1,0,0,0,0,0,0,1
Mtx2,0,0,0,1,0,0,0,0,0,0,0,0
Muc1,0,0,1,0,0,0,0,0,0,0,0,0
Muc15,0,1,0,0,0,0,0,0,0,0,0,0
Mvk,0,0,0,1,0,0,0,0,0,0,0,0
Mybbp1a,1,1,0,0,0,0,2,2,0,1,0,0
Myc,0,0,1,1,0,0,0,1,0,0,1,0
Myh11,0,0,0,0,0,0,3,1,6,12,6,12
Myh14,0,0,0,0,0,0,0,0,0,1,0,0
Myh9,1,1,0,1,0,0,0,1,2,2,2,1
Myl6,1,0,0,0,0,0,0,1,1,0,0,2
Myl9,0,0,0,0,0,0,0,0,1,0,0,0
Mylk,0,0,0,0,0,0,0,1,2,0,0,1
Myo1b,0,0,0,0,0,0,0,0,0,0,1,1
Myo1e,0,0,0,0,0,0,0,0,0,1,0,0
Myof,1,0,0,0,0,0,0,0,0,0,0,0
Mysm1,0,1,0,0,0,0,0,0,0,0,0,0
Naa15,0,0,0,1,0,0,0,0,0,0,1,0
Nab1,0,0,0,0,0,0,0,0,0,2,0,0
Naca,0,1,1,1,0,0,0,0,1,0,1,1
Naf1,0,0,0,0,0,0,0,1,0,0,0,0
Nagpa,0,0,0,1,0,0,0,0,0,0,0,0
Nampt,0,1,0,1,0,0,0,0,0,0,0,0
Nans,0,0,2,0,0,0,0,0,0,0,0,0
Nap1l1,0,0,1,0,0,0,0,1,0,0,0,0
Nars,0,1,0,0,0,0,0,0,0,0,0,0
Nav1,0,0,0,0,0,0,0,1,0,0,0,0
Nav2,0,0,0,0,0,0,0,0,0,0,0,1
Nbas,0,0,0,0,0,0,1,0,0,0,0,0
Nbea,0,0,0,0,1,0,0,0,0,0,0,0
Nbeal2,0,0,0,1,0,0,0,0,0,0,0,0
Nbr1,0,0,0,0,1,0,0,0,0,0,0,0
Ncapg2,0,1,0,0,0,0,0,0,0,0,0,0
Ncaph2,0,1,0,0,0,0,0,0,0,0,0,0
Ncbp1,1,0,0,0,0,0,0,0,0,0,0,0
Nck1,0,0,0,0,0,0,0,0,1,0,0,0
Nckap1,1,0,0,0,0,0,0,0,0,0,0,0
Nckap5l,0,0,1,0,0,0,0,0,0,0,0,0
Ncl,1,0,2,0,1,0,1,2,1,0,2,0
Ncoa1,0,0,0,0,0,0,0,0,0,0,0,1
Ncoa4,0,0,0,0,0,0,0,0,0,0,1,0
Ncoa6,0,1,0,0,0,0,0,0,0,0,0,0
Ncoa7,0,0,1,0,0,0,0,0,0,0,0,0
Ncor1,0,2,0,0,0,0,1,0,0,0,0,0
Ncor2,0,0,0,0,0,0,0,0,1,1,1,1
Ndfip1,0,1,0,0,0,0,0,0,0,0,0,0
Ndfip2,0,0,0,1,0,0,0,0,0,0,0,0
Ndor1,0,0,0,0,0,1,0,0,0,0,0,0
Ndrg1,0,0,1,0,1,0,2,0,0,0,0,0
Ndrg2,0,0,0,0,0,0,0,0,0,0,1,0
Ndst1,1,0,1,0,1,0,0,0,0,0,0,0
Ndst2,0,1,0,0,0,0,0,0,0,0,0,0
Ndufa11,0,0,0,0,0,1,0,0,1,0,0,0
Ndufa9,0,0,0,0,0,0,0,0,1,0,0,0
Ndufb3,0,0,0,1,0,0,0,0,0,0,0,0
Ndufb8,0,0,0,0,0,0,1,0,0,0,0,0
Ndufb9,0,0,0,0,0,0,1,0,0,0,0,0
Ndufc1,0,0,0,0,0,0,0,0,0,1,0,0
Ndufc2,0,0,0,0,0,0,0,0,0,1,0,0
Ndufs3,0,0,0,0,0,0,0,0,0,0,0,1
Ndufs4,0,0,0,0,0,1,0,0,0,0,0,0
Ndufs5,0,0,0,0,0,0,0,0,1,0,0,0
Ndufv2,1,0,0,0,0,0,0,0,1,0,0,0
Nectin2,0,0,0,1,1,0,0,0,0,0,0,0
Nectin4,1,0,0,0,0,0,0,0,0,0,0,0
Nedd9,0,0,0,1,0,0,0,0,0,1,0,1
Nek1,0,0,0,0,0,0,0,0,0,0,1,0
Nek7,1,0,0,0,0,0,0,0,0,0,0,0
Nek9,0,0,0,0,0,0,1,0,0,0,0,0
Nelfcd,0,1,0,0,0,0,0,0,0,0,0,0
Neo1,0,0,0,0,0,0,1,0,0,0,0,1
Nf1,0,0,0,0,0,0,0,0,0,1,0,0
Nfat5,0,0,0,1,0,0,0,0,0,0,0,0
Nfatc3,0,0,0,0,1,0,0,0,0,0,0,0
Nfatc4,0,0,0,0,0,0,0,0,0,0,0,1
Nfe2l1,0,1,1,1,0,0,0,0,0,0,0,0
Nfe2l2,0,0,0,0,0,0,0,0,0,1,0,0
Nfe2l3,0,0,1,0,0,0,0,0,0,0,0,0
Nfib,0,1,0,0,0,0,0,0,0,0,0,0
Nfix,0,0,0,0,0,0,1,0,0,0,0,0
Nfkb2,0,0,1,1,0,0,1,0,1,0,0,0
Nfkbiz,1,0,0,0,0,0,0,0,0,0,0,0
Nfyc,0,0,0,0,0,0,1,0,0,0,1,0
Ngfr,0,0,0,0,0,0,1,0,0,0,0,0
Nhsl1,0,0,0,0,0,0,0,0,0,0,1,0
Niban1,0,0,0,0,0,0,0,0,1,0,0,0
Niban2,0,1,0,0,0,0,0,0,0,0,0,0
Nipa2,0,0,0,0,0,0,0,0,0,0,0,1
Nisch,1,1,0,0,1,0,0,0,0,0,0,0
Nktr,0,1,1,0,0,0,0,0,0,0,0,0
Nlgn2,0,0,0,0,0,0,0,0,1,1,1,0
Noc2l,0,0,0,0,0,1,0,0,0,0,0,0
Noc4l,0,0,0,0,0,0,2,0,0,0,0,0
Noct,0,0,0,0,0,0,0,0,1,0,0,0
Nol7,0,0,0,0,0,0,0,1,0,0,0,0
Nomo1,1,0,0,0,0,0,0,0,0,0,1,0
Nop14,0,0,0,0,0,0,0,0,1,0,0,0
Nop2,0,0,0,0,0,0,0,0,0,1,0,0
Nop53,0,0,0,1,0,0,0,0,0,0,1,1
Nop56,1,0,0,0,0,0,0,0,0,0,0,0
Notch1,0,0,0,0,0,0,0,0,1,0,0,0
Npat,0,0,0,0,0,0,0,0,0,0,0,1
Npc1,0,0,0,0,0,0,0,0,1,0,0,0
Npepl1,0,0,0,1,0,0,0,0,0,0,0,0
Nphp1,0,0,0,0,0,0,0,0,1,0,0,0
Npm1,1,0,0,0,0,0,1,1,1,1,1,0
Npm3,0,0,0,0,1,0,0,0,0,0,0,0
Npr2,0,0,0,0,0,0,0,0,0,0,0,1
Nptn,0,0,0,0,1,0,1,0,0,0,0,0
Nr1d1,0,0,0,0,0,0,0,0,0,1,0,0
Nr3c1,0,0,1,0,0,0,0,0,0,0,0,0
Nr4a1,0,1,0,0,0,0,2,2,0,0,0,1
Nr4a3,0,0,0,0,0,0,0,1,0,0,0,0
Nrbp1,0,0,0,0,0,0,1,0,0,0,1,0
Nrbp2,0,0,0,0,0,0,0,1,0,0,0,0
Nrd1,0,0,0,0,0,0,0,1,1,0,0,1
Nrg1,0,0,0,0,0,0,0,0,0,1,1,0
Nrip1,0,0,0,0,0,1,0,0,0,0,0,0
Nrm,0,0,0,0,0,0,0,0,0,1,0,0
Nsa2,1,0,0,1,0,0,0,0,0,1,0,0
Nsd3,0,0,0,0,0,0,0,0,0,0,0,1
Nsf,0,0,0,0,0,1,0,0,0,0,0,0
Nsmaf,1,0,0,0,0,0,0,0,0,0,0,0
Nsmce3,0,0,0,1,0,0,0,0,0,0,0,0
Nsmf,0,0,0,0,0,1,0,0,0,0,0,0
Nsun2,1,0,0,0,0,0,0,0,0,0,0,0
Nt5c3,1,0,0,0,0,0,0,0,0,0,0,0
Nt5dc3,0,0,0,0,0,0,0,0,1,0,0,0
Ntan1,0,0,0,0,0,1,0,0,0,0,0,1
Ntf5,0,0,0,0,0,0,0,0,1,0,0,0
Nucb1,0,0,0,0,2,0,0,0,0,0,0,0
Nudc,0,0,0,0,0,0,0,0,0,0,1,0
Nudt21,1,0,0,0,0,0,0,0,0,0,0,0
Numa1,0,1,0,1,0,0,0,0,0,0,0,0
Nup133,0,0,0,0,0,0,1,0,0,0,0,0
Nup153,0,0,0,0,0,0,0,0,0,1,1,0
Nup54,1,0,0,0,0,0,0,0,0,1,0,0
Nup85,0,1,0,0,0,0,0,0,0,0,0,0
Nup93,0,0,0,0,0,0,0,1,0,0,0,0
Nup98,0,0,0,0,0,0,1,0,0,1,0,0
Oat,0,0,0,0,0,0,0,1,0,1,0,0
Oaz1,0,0,0,0,0,1,1,0,1,0,0,0
Obsl1,0,0,0,0,0,0,0,1,0,0,0,0
Ocln,0,0,0,1,0,0,0,0,0,0,0,0
Odc1,0,0,0,1,0,1,2,1,0,0,0,0
Odr4,0,0,0,1,0,0,0,0,0,0,0,0
Ogdh,0,0,0,0,1,0,0,0,0,0,0,1
Ogt,0,0,0,0,0,0,0,1,0,0,0,0
Olah,0,0,0,0,1,0,0,0,0,0,0,0
Oma1,0,0,0,0,0,0,0,0,0,1,0,0
Oplah,0,0,0,1,0,0,0,0,0,0,0,0
Ormdl3,0,0,0,0,0,0,0,0,0,0,1,0
Os9,0,1,0,0,0,0,0,0,0,0,0,0
Osbpl5,0,0,0,0,0,0,0,1,0,0,0,0
Osgin1,0,0,0,0,0,0,0,0,0,1,0,0
Osmr,0,0,0,0,0,0,1,1,0,0,0,0
Ostc,0,0,1,0,0,0,0,0,0,0,0,0
Otud4,0,0,0,0,0,0,0,0,0,1,0,0
Otud5,0,0,0,0,0,0,1,0,0,0,0,0
Ovol1,0,0,0,0,0,0,0,1,0,0,0,0
Oxct1,0,0,0,0,0,0,0,0,1,0,0,0
Oxnad1,0,0,0,0,0,0,0,0,0,0,1,0
P3h2,0,0,0,0,0,0,0,0,0,1,0,0
P4ha1,0,0,0,0,0,0,1,0,0,0,0,0
P4hb,0,0,0,0,0,0,0,1,0,0,1,0
Pa2g4,0,0,0,0,0,0,1,0,0,0,0,0
Pabpc1,0,1,0,0,0,3,1,1,2,1,0,0
Pabpc4,0,0,0,0,0,0,0,0,0,0,0,1
Pacs1,0,0,0,1,0,0,0,0,0,0,0,0
Pacsin2,0,1,0,0,0,0,0,0,0,0,1,0
Pacsin3,0,0,0,1,0,0,0,0,0,0,0,0
Padi2,0,1,0,0,0,0,0,0,0,0,0,0
Pafah1b1,0,0,0,0,0,0,1,0,0,0,0,0
Paics,1,0,1,0,0,0,0,0,0,0,1,0
Pak1ip1,1,0,0,0,0,0,0,0,0,0,0,0
Pakap,0,0,0,0,0,0,0,0,0,1,0,0
Pald1,0,0,0,0,1,0,0,0,0,0,0,0
Palld,0,0,0,0,0,0,0,1,0,0,2,2
Pam16,0,0,0,0,0,0,1,0,0,0,0,0
Papola,0,0,0,0,0,0,0,0,0,0,1,0
Papss1,0,0,1,0,0,0,0,0,0,1,1,0
Park7,0,0,0,0,0,0,0,0,0,0,0,1
Parp1,0,0,0,0,0,0,0,0,1,0,0,0
Parp10,0,0,0,0,0,0,0,0,0,0,0,1
Parp9,0,0,0,1,0,0,0,0,0,0,0,0
Parva,0,0,0,0,0,0,0,0,0,0,1,0
Patl1,1,0,0,0,0,0,0,0,0,0,0,0
Pawr,0,0,0,0,0,0,0,0,0,1,0,0
Paxbp1,0,0,0,0,0,0,0,0,0,0,1,0
Paxip1,0,0,0,0,0,0,0,1,0,0,0,0
Pbdc1,0,0,0,0,0,0,0,0,0,0,0,1
Pcbp1,0,0,0,0,0,0,0,1,0,0,0,0
Pcbp2,0,0,0,0,0,0,1,1,0,0,0,0
Pcdh1,1,0,0,0,0,0,0,0,0,0,0,0
Pcdh18,0,0,0,0,0,0,0,0,0,1,0,0
Pcdhgb2,0,0,0,0,0,0,0,0,1,0,0,0
Pcf11,0,1,0,0,0,0,0,0,0,1,1,0
Pcgf2,0,0,0,0,0,0,0,0,0,0,0,1
Pcmt1,0,0,0,0,0,0,0,0,1,0,0,1
Pcna,0,0,0,1,0,0,0,0,0,0,0,0
Pcnx,0,0,0,0,0,0,1,0,0,0,0,0
Pcsk5,0,0,0,0,0,0,0,0,0,1,0,0
Pcx,0,0,1,0,0,0,0,0,0,0,0,0
Pdcd10,0,0,0,0,1,0,0,0,0,0,0,0
Pdcd11,0,0,0,0,0,0,0,1,0,0,0,0
Pdcd4,0,0,0,0,0,0,0,1,0,0,0,0
Pdcl3,1,0,0,0,0,0,0,0,0,0,0,0
Pde4b,1,1,0,1,1,0,0,0,0,0,2,2
Pde4d,0,0,0,0,0,0,0,0,0,0,1,0
Pdf,0,0,0,0,0,0,0,0,0,1,0,0
Pdgfc,0,0,0,0,0,0,0,0,1,0,0,0
Pdha1,0,0,0,0,0,0,1,0,0,0,0,0
Pdia3,0,0,1,1,0,0,0,0,0,0,1,0
Pdia4,0,0,0,0,0,0,0,0,0,0,0,1
Pdia6,0,0,0,0,0,0,1,0,0,0,0,0
Pdk4,0,0,1,1,0,0,1,0,0,0,0,0
Pdlim3,0,0,0,0,0,0,0,0,0,0,0,1
Pdlim4,0,0,0,0,0,0,0,0,0,1,0,0
Pdlim5,0,0,0,0,0,0,0,0,0,1,0,0
Pds5a,0,0,0,0,1,0,0,0,0,0,0,0
Pecam1,0,0,0,0,0,0,0,0,0,1,0,0
Pelo,0,0,0,0,0,0,0,0,0,0,0,1
Per1,2,2,2,2,0,1,0,1,1,0,0,0
Per2,0,0,0,0,0,0,0,0,0,0,0,1
Perp,0,0,0,0,0,0,1,0,0,0,0,1
Pes1,0,0,0,0,1,0,0,0,0,0,0,0
Pex5,0,0,0,0,0,1,0,0,0,0,0,0
Pex6,0,0,0,0,0,0,0,0,0,1,0,0
Pfdn4,0,0,0,0,1,0,0,0,0,0,0,0
Pfdn5,0,0,0,1,0,0,0,0,0,0,0,0
Pfkfb3,1,1,0,0,1,0,0,0,0,0,0,0
Pfkl,0,0,1,1,0,0,0,0,0,1,0,0
Pfkm,1,0,0,0,0,0,0,0,0,0,0,0
Pfkp,0,0,0,0,0,0,0,0,0,0,1,0
Pfn1,0,0,0,0,0,0,0,0,0,0,1,0
Pgam1,0,0,0,0,0,0,0,0,2,0,0,0
Pgd,2,0,0,0,1,0,0,0,0,0,0,0
Pgk1,0,0,0,0,1,0,0,0,0,0,0,0
Pgm2,0,0,0,0,1,0,0,0,0,0,0,0
Pgm5,0,0,0,0,0,0,0,0,2,1,0,0
Pgrmc1,0,0,0,0,0,0,0,0,1,0,0,0
Pgs1,0,0,0,0,0,0,1,0,0,0,0,0
Phactr4,0,0,0,1,0,0,0,0,0,0,0,0
Phf2,1,0,0,0,0,0,0,0,0,0,0,0
Phf20,0,0,0,0,0,0,0,0,0,0,1,0
Phlda1,0,0,2,0,0,0,0,0,0,0,0,0
Phldb1,0,0,0,0,1,0,0,0,1,0,0,1
Phrf1,0,0,0,0,0,0,1,0,0,0,0,0
Pi4ka,0,0,1,0,0,0,0,0,0,0,0,0
Pick1,0,0,0,1,0,0,0,0,0,0,0,0
Pigb,0,0,0,0,0,0,0,0,0,0,0,1
Pigm,0,0,0,0,0,0,0,0,0,0,0,1
Pigo,0,0,0,1,0,0,0,0,0,0,0,0
Pik3r1,0,0,0,2,0,0,0,0,0,0,0,0
Pik3r2,0,0,0,0,0,0,1,0,0,1,0,0
Pim1,0,0,0,0,0,0,1,0,0,0,0,0
Pin1,0,0,0,0,0,0,0,0,0,0,0,1
Pip4p1,0,0,0,0,1,0,0,0,0,0,0,0
Pitpnb,0,0,0,0,0,0,1,0,0,0,1,0
Pja1,0,0,0,0,0,0,0,0,1,0,0,0
Pkm,1,0,0,0,0,2,0,0,0,1,0,1
Pkp1,0,0,0,0,0,0,0,1,0,0,0,0
Pkp3,0,0,0,0,0,0,0,0,0,2,1,1
Pkp4,0,0,0,0,0,0,0,0,0,0,1,0
Pla2g7,0,0,0,0,0,0,0,1,0,0,0,0
Plaa,1,0,0,0,0,0,0,0,0,0,0,0
Plagl2,0,0,1,0,0,0,0,0,0,0,0,0
Plb1,0,0,0,1,0,0,0,0,0,0,0,0
Plcb3,0,0,1,0,0,0,0,0,0,0,0,0
Plcd1,0,0,0,0,0,0,0,0,0,0,1,0
Plcd3,0,0,0,0,0,0,0,0,0,0,0,1
Plcg1,0,0,0,0,0,0,1,0,0,0,0,0
Pld2,0,0,1,0,0,0,0,0,0,0,0,0
Pld3,0,0,0,1,0,0,0,0,0,0,0,0
Plec,0,0,0,0,0,0,2,0,0,0,1,0
Plekhg2,0,0,0,0,0,0,1,1,0,0,0,0
Plekhg3,0,1,0,0,0,0,0,0,0,0,0,0
Plekhg5,0,1,0,0,0,0,0,0,0,0,0,0
Plekhm2,0,0,0,0,0,0,0,1,0,0,0,0
Plekho2,0,0,1,0,0,0,0,1,0,0,0,0
Plet1,3,0,1,0,1,0,0,0,0,0,0,0
Plin2,0,0,1,2,0,0,0,0,0,0,0,0
Plk2,0,0,0,1,0,0,0,0,0,0,0,0
Plk3,0,1,0,0,0,0,0,0,0,0,0,0
Plk4,1,0,0,0,0,0,0,0,0,0,0,0
Plod2,0,0,0,0,0,0,0,0,1,0,0,0
Plod3,0,0,0,0,0,1,0,0,0,0,0,0
Pls3,0,0,0,0,0,0,0,0,1,0,0,0
Plscr1,0,2,0,0,0,0,0,0,0,0,0,0
Plscr2,0,0,0,1,0,0,0,0,0,0,0,0
Pltp,0,0,0,0,0,0,0,0,0,1,0,1
Plxdc2,0,0,0,0,0,0,0,1,0,0,0,1
Plxnb2,1,0,0,1,0,0,0,0,0,1,0,0
Pm20d1,0,0,0,0,1,0,0,0,0,0,0,0
Pmepa1,0,0,0,0,0,0,0,1,0,0,0,0
Pmpcb,0,0,0,0,0,0,0,0,1,0,0,0
Pnn,0,0,0,0,1,0,0,0,0,0,0,0
Pno1,0,0,0,0,0,1,0,0,0,0,0,0
Pnrc1,0,1,0,1,0,1,0,0,0,0,1,0
Pofut2,0,1,0,0,0,0,1,0,0,0,0,0
Pole,0,0,1,0,0,0,0,0,0,0,0,0
Polh,0,0,0,0,0,0,0,0,0,0,0,1
Polr2a,0,0,1,0,0,0,0,0,0,0,0,0
Polr2c,0,0,0,1,0,0,0,0,0,0,0,0
Polr2e,0,0,0,0,1,0,0,0,0,0,0,1
Polr2m,0,0,0,0,0,0,0,0,1,0,0,0
Pom121,1,0,0,0,0,0,0,1,0,0,0,0
Por,0,0,0,0,0,0,0,0,1,1,0,0
Postn,0,0,0,0,0,0,3,2,2,0,2,1
Ppfia1,0,0,1,0,0,0,0,0,0,0,0,0
Ppia,0,2,1,0,0,1,0,0,1,1,0,1
Ppib,0,1,0,0,0,0,0,1,0,0,1,2
Ppig,0,0,0,0,0,1,0,0,0,0,0,0
Ppil4,0,0,1,1,0,0,0,0,0,0,0,0
Ppm1g,0,0,0,0,0,0,1,0,0,1,0,0
Ppp1ca,1,0,1,0,0,0,0,0,0,0,0,0
Ppp1cb,0,0,0,1,0,0,0,0,0,0,0,0
Ppp1cc,1,0,0,0,0,0,0,0,0,0,0,0
Ppp1r12a,0,0,0,0,0,0,0,1,0,1,0,0
Ppp1r13b,0,0,1,0,0,0,0,0,0,0,0,0
Ppp1r13l,0,0,0,0,0,0,0,0,1,0,0,0
Ppp1r14b,0,2,0,0,0,0,0,0,0,0,0,0
Ppp1r15a,0,1,0,0,0,0,0,0,1,0,0,0
Ppp1r15b,0,0,0,0,0,0,0,1,0,0,0,0
Ppp1r16b,0,0,0,0,0,0,0,1,0,0,0,0
Ppp1r37,0,0,0,0,0,0,0,0,0,0,1,0
Ppp1r9b,0,0,0,0,0,0,0,0,0,0,0,1
Ppp2ca,0,0,0,0,0,0,1,0,0,0,0,0
Ppp2r1a,0,0,0,0,0,0,0,0,0,0,1,1
Ppp3cc,0,0,0,0,0,1,0,0,0,0,0,0
Ppp4r1,0,0,1,1,0,0,0,0,0,0,0,1
Ppp6r1,0,0,0,0,0,1,0,0,0,0,0,0
Ppp6r2,0,1,0,0,0,0,0,0,0,0,0,0
Pprc1,0,0,0,0,0,0,1,0,0,1,0,0
Prdm2,0,0,1,0,0,0,0,0,1,0,0,0
Prdx1,0,0,0,0,0,0,0,0,0,0,1,1
Prdx3,0,0,0,0,0,0,0,0,0,1,0,0
Prdx4,0,0,0,0,1,0,0,0,0,0,0,0
Prdx6,0,1,1,0,0,0,0,0,0,0,0,0
Prelid1,0,0,0,0,0,0,0,0,1,0,0,0
Prim1,0,0,0,0,0,0,0,1,0,0,0,0
Prkar1a,0,0,1,0,0,0,0,0,0,0,0,0
Prkca,0,0,0,0,0,0,0,0,0,0,0,1
Prkci,0,0,0,0,0,0,1,0,1,1,0,0
Prkcq,0,0,0,0,0,0,0,0,0,0,0,1
Prkcsh,0,1,0,0,0,0,0,1,0,0,0,0
Prmt2,1,0,0,0,0,0,0,0,0,0,0,0
Prorp,0,0,0,0,0,0,1,0,0,0,0,0
Pros1,0,0,0,0,0,0,0,0,1,0,0,0
Prpf19,0,0,0,0,0,0,0,0,0,0,0,1
Prpf38b,0,0,1,0,0,0,0,0,0,0,0,0
Prpf39,1,0,0,0,0,0,0,0,0,0,0,0
Prpf4b,0,0,0,0,0,1,0,0,0,0,0,0
Prpf8,0,0,0,0,0,0,0,0,0,0,0,1
Prpsap1,0,0,0,0,0,0,0,0,0,1,0,0
Prr14l,0,0,0,0,0,0,0,0,0,0,0,1
Prr7,0,0,0,0,0,0,0,0,1,0,0,0
Prrc2a,0,2,1,0,0,1,1,0,0,0,1,1
Prrc2c,1,0,1,0,0,1,0,0,0,1,1,0
Prss22,1,0,0,1,0,0,0,0,0,0,0,0
Prss23,0,0,0,0,0,0,0,0,1,0,1,0
Prx,0,0,0,0,0,0,0,0,0,0,1,0
Psap,1,0,2,0,0,0,3,0,0,0,1,0
Psen1,0,0,0,1,0,0,0,0,1,1,0,0
Psma1,0,0,0,0,0,0,0,0,0,0,0,1
Psma2,1,0,0,0,0,0,0,0,0,0,0,0
Psma3,0,0,1,0,0,1,0,1,0,1,0,0
Psma5,1,0,0,0,0,0,0,0,0,0,0,0
Psma7,0,0,0,0,0,0,0,0,1,0,0,0
Psmb1,0,0,0,0,0,1,0,0,1,0,0,0
Psmb3,0,0,0,0,1,0,0,0,0,1,0,0
Psmb4,0,0,1,0,0,0,0,0,0,0,0,1
Psmb5,0,0,0,0,0,0,0,0,0,0,1,0
Psmb7,0,1,0,0,0,0,0,0,0,0,0,0
Psmc2,0,0,0,0,0,0,1,0,0,0,0,0
Psmc3,0,1,0,0,0,1,0,0,0,0,0,0
Psmc5,0,0,0,0,0,0,1,0,1,0,0,0
Psmc6,0,0,0,0,0,1,0,0,0,0,0,0
Psmd12,2,0,0,0,0,0,0,0,0,0,0,0
Psmd3,0,0,0,0,0,0,0,1,0,0,0,0
Psmd7,0,0,0,1,0,0,0,0,0,1,0,0
Psmd8,0,0,0,0,0,0,0,0,0,1,0,0
Psme4,0,0,0,0,0,0,1,0,0,0,0,0
Psph,0,0,1,0,0,0,0,0,0,0,0,0
Ptbp1,0,0,0,0,0,0,0,2,0,0,0,0
Ptbp3,0,1,0,0,0,0,0,0,0,0,0,0
Ptges3l,0,0,0,0,0,0,0,1,0,0,0,0
Ptgr2,0,0,0,0,0,0,0,0,1,0,0,0
Ptk2,1,0,0,1,0,0,0,1,0,0,1,0
Ptk2b,1,0,0,0,0,0,0,0,0,0,0,0
Ptk7,0,0,0,0,0,0,0,0,2,0,0,0
Ptma,0,0,0,0,1,0,1,1,0,0,0,0
Ptms,0,0,0,0,1,0,0,0,0,2,1,0
Ptn,1,0,0,0,0,0,0,0,0,0,0,0
Ptov1,0,0,0,0,0,0,0,1,0,0,1,1
Ptpn1,0,0,0,0,0,0,0,1,0,0,0,0
Ptpn11,0,0,0,0,0,0,0,0,0,0,0,1
Ptpn13,0,0,0,0,0,0,0,0,0,0,1,0
Ptpn14,0,0,0,0,0,0,0,0,0,0,1,0
Ptprf,0,0,0,0,0,0,1,2,0,0,0,0
Ptprk,2,0,0,1,0,0,0,0,0,0,0,0
Ptprs,0,0,0,0,0,0,0,0,0,0,1,0
Ptprv,0,0,0,0,0,0,1,0,0,0,0,0
Ptprz1,0,0,0,0,0,0,0,0,0,0,1,0
Pum1,1,1,0,0,0,0,0,0,0,0,0,0
Pura,0,2,0,0,0,0,0,0,0,0,0,0
Pxdn,0,1,0,0,0,0,0,0,0,0,0,1
Pxmp2,0,0,0,0,0,0,0,0,0,0,0,1
Pxn,0,0,0,0,0,0,0,0,0,1,0,0
Pxylp1,0,0,0,0,0,0,0,0,1,0,0,0
Pygb,0,1,1,0,0,0,1,0,1,0,0,0
Qars,0,1,0,0,0,0,0,1,0,0,0,1
Qsox1,0,0,0,0,0,3,0,0,0,0,0,0
R3hdm1,1,0,0,0,0,0,1,0,0,0,0,0
R3hdm2,0,1,0,1,0,0,0,0,0,0,1,0
Rab11fip1,0,0,0,0,0,0,0,0,1,0,0,0
Rab11fip5,0,0,0,0,0,0,1,0,0,0,0,0
Rab20,0,0,0,0,0,0,0,0,0,0,2,0
Rab27a,0,0,0,0,0,0,0,1,0,0,0,0
Rab28,0,0,1,0,0,0,0,0,0,0,0,0
Rab2a,0,0,0,1,0,0,0,0,0,1,0,0
Rab43,0,0,0,0,0,0,0,0,0,0,1,0
Rab4b,0,0,0,0,0,0,0,0,0,0,1,0
Rab5a,0,0,0,0,1,0,0,0,0,0,0,0
Rab6a,1,0,0,0,0,0,0,0,0,0,0,0
Rabep1,0,0,0,0,0,0,0,0,0,0,0,1
Rabepk,0,0,0,0,0,0,0,0,1,0,0,0
Rabgef1,0,1,0,0,0,0,0,0,0,0,1,0
Rabggta,0,0,0,0,0,0,1,0,0,0,0,0
Rabggtb,0,0,0,0,0,1,0,0,0,0,0,0
Rabl6,1,0,0,0,0,0,0,0,0,0,0,0
Rac3,0,0,0,0,0,0,0,0,0,0,0,1
Rack1,2,0,0,0,0,0,0,0,1,1,0,0
Rad23b,0,1,0,0,0,0,0,0,0,0,0,0
Rad50,0,0,1,0,0,0,0,0,0,0,0,0
Ralbp1,0,0,0,0,0,0,0,1,0,0,0,0
Ralgds,0,1,1,0,0,0,1,0,1,0,0,1
Ran,0,0,0,0,0,1,0,0,0,0,0,0
Ranbp2,0,0,0,0,0,0,0,1,0,0,0,0
Ranbp9,0,0,0,0,1,0,0,0,0,0,0,0
Rap1a,0,0,0,0,0,0,0,0,0,1,0,0
Rapgef5,0,0,1,0,0,0,0,0,0,0,0,0
Rara,0,0,0,0,0,0,1,0,0,0,0,0
Rasa3,0,0,0,0,0,0,0,0,0,0,0,1
Rasgef1b,0,0,0,0,0,0,0,0,1,0,0,0
Rassf1,0,0,0,0,0,0,0,1,0,0,0,0
Rbbp4,0,0,0,1,0,0,0,0,0,0,0,1
Rbbp6,0,1,1,0,0,0,0,0,0,0,0,0
Rbfa,0,0,0,0,0,0,1,0,0,0,0,0
Rbfox2,0,0,0,0,1,0,0,0,0,0,0,1
Rbl2,0,1,0,0,0,0,0,0,0,0,0,0
Rbm12,0,0,0,0,0,0,0,0,1,0,0,0
Rbm17,0,0,0,0,0,0,0,0,0,0,0,1
Rbm22,0,0,1,0,0,0,1,1,0,0,0,0
Rbm25,1,1,0,1,0,0,0,0,0,0,0,0
Rbm33,0,1,0,0,0,0,0,0,0,0,0,0
Rbm4,0,0,0,0,0,0,0,0,1,0,0,0
Rbm8a,0,0,0,0,0,0,0,0,0,0,0,1
Rbms1,0,0,0,0,0,0,0,0,1,0,0,0
Rbmxl1,0,0,0,0,0,0,0,0,0,1,0,0
Rbp1,0,1,0,0,0,0,0,0,0,0,0,1
Rbpms,0,0,0,0,0,0,0,0,0,1,0,0
Rbx1,0,0,0,0,0,0,1,0,0,0,0,0
Rcan1,1,0,0,0,0,0,0,2,0,1,0,1
Rcc2,0,1,0,1,0,0,0,0,0,1,0,0
Rccd1,0,0,0,1,0,0,0,0,0,0,0,0
Rchy1,0,0,0,0,0,0,0,1,0,0,0,0
Rcl1,0,0,0,0,0,1,0,1,0,0,0,0
Rcsd1,0,0,0,0,0,0,0,0,0,0,1,0
Rdh10,0,1,0,0,0,0,0,0,0,0,0,0
Rdx,2,1,0,0,0,0,0,0,0,0,0,0
Reep5,0,0,0,1,0,0,0,0,1,0,0,0
Rela,0,1,0,0,0,0,0,0,0,0,0,0
Relb,0,0,1,0,0,0,0,0,0,0,0,0
Relch,0,0,0,0,0,0,1,0,0,0,0,0
Renbp,0,1,0,0,0,0,0,0,0,0,0,0
Reps1,0,0,0,0,0,0,1,0,0,0,0,0
Rer1,1,0,0,0,0,0,0,0,0,0,0,0
Rere,0,0,1,0,0,0,0,0,0,0,0,0
Retsat,0,1,0,0,0,0,0,0,0,0,0,0
Rev1,0,0,0,0,0,0,0,0,0,1,0,0
Rev3l,0,0,1,0,0,0,0,0,0,0,0,0
Rfc3,0,0,0,0,0,1,0,0,0,0,0,0
Rgp1,1,0,0,0,0,0,0,0,0,0,0,0
Rgs16,0,0,0,0,0,0,0,1,0,0,0,0
Rhbdf1,0,0,1,0,0,0,0,0,1,0,0,0
Rhoq,0,0,0,0,0,0,0,0,1,2,0,0
Rhot1,0,0,0,0,0,0,0,0,0,0,1,0
Rhou,1,0,0,0,0,0,0,0,0,0,0,0
Rhpn2,0,0,1,0,0,0,0,0,0,0,0,0
Ric8a,0,0,0,0,0,0,0,0,0,0,0,1
Rictor,0,0,0,0,0,0,0,0,0,0,0,1
Rif1,0,0,0,0,0,0,0,0,0,0,0,2
Rin2,0,0,0,0,0,0,0,0,0,0,0,1
Rin3,0,0,0,0,0,0,0,0,1,0,0,0
Riok3,0,0,0,0,0,0,0,0,1,0,0,0
Ripor2,0,0,0,0,0,0,0,0,0,0,1,0
Rlim,0,0,0,0,0,0,0,0,2,0,0,0
Rnase1,0,0,0,0,0,0,0,0,0,1,0,0
Rnd1,0,1,0,0,0,0,0,0,0,0,0,0
Rnf10,0,0,0,0,0,0,0,3,0,1,0,0
Rnf130,1,0,0,0,0,0,0,0,0,0,0,0
Rnf187,0,0,0,0,0,0,1,0,0,0,0,0
Rnf19b,1,1,1,1,0,0,0,0,0,0,0,0
Rnf207,0,0,0,0,0,0,0,0,0,0,1,0
Rnf208,1,0,0,0,0,0,0,0,0,0,0,0
Rnf213,0,0,0,0,0,0,0,0,0,0,0,1
Rnf40,0,0,0,0,0,0,1,0,0,0,0,0
Rnf6,1,0,0,0,0,0,0,0,0,1,0,0
Rnft1,0,0,0,0,0,0,0,0,0,0,1,0
Rnpep,0,0,0,0,0,0,0,0,0,1,0,0
Rock2,0,0,0,0,0,0,0,0,0,1,0,0
Ror1,0,0,0,0,0,0,0,0,1,0,0,0
Rorc,0,1,0,0,0,0,0,0,0,0,0,0
Rpl10,0,0,0,0,0,0,1,1,0,2,0,1
Rpl10-ps3,1,0,1,0,0,0,0,1,0,0,0,1
Rpl10a,1,2,0,1,1,0,0,1,1,1,0,0
Rpl11,0,1,0,0,1,0,0,1,0,1,0,0
Rpl12,2,1,0,0,0,0,0,1,0,2,0,0
Rpl13,0,0,1,0,1,0,2,1,0,1,1,1
Rpl13a,0,1,0,0,2,0,0,0,0,0,1,0
Rpl14,1,0,0,1,0,1,0,0,0,1,0,0
Rpl15,1,1,1,0,0,0,0,0,1,1,2,0
Rpl17,2,1,0,0,0,0,0,1,0,0,0,1
Rpl18,0,0,2,1,1,0,1,1,1,2,0,0
Rpl18a,2,1,0,1,0,2,1,1,1,1,0,0
Rpl19,0,0,0,0,1,0,0,1,0,2,0,0
Rpl21,2,2,0,1,0,0,2,0,1,2,1,1
Rpl22,0,1,0,0,0,0,0,0,0,0,0,0
Rpl22l1,0,1,0,0,0,0,0,0,0,1,0,1
Rpl23,2,4,1,1,0,3,0,0,0,1,0,0
Rpl23a,0,1,3,0,0,0,0,1,1,1,0,0
Rpl24,1,0,0,0,0,0,0,1,0,1,1,0
Rpl26,1,0,0,0,0,1,1,2,0,0,0,0
Rpl27a,0,0,0,1,1,0,1,0,1,0,0,1
Rpl28,0,2,0,0,1,0,0,0,0,1,0,0
Rpl29,0,0,0,1,0,0,0,1,0,0,0,0
Rpl3,1,1,2,0,0,1,2,1,1,2,0,0
Rpl30,0,0,1,1,0,1,1,0,2,0,0,0
Rpl31,1,0,0,0,0,0,0,0,1,0,0,0
Rpl32,1,0,0,0,0,0,0,1,0,1,0,2
Rpl34,0,1,1,0,0,0,0,0,1,0,0,0
Rpl35,0,0,0,0,1,1,0,0,0,1,0,0
Rpl35a,0,0,1,0,0,1,0,0,0,1,1,0
Rpl36,0,0,1,2,0,0,0,0,0,0,0,0
Rpl36a,0,0,1,0,0,0,0,0,0,0,0,0
Rpl36a-ps1,1,0,0,0,0,0,0,0,0,0,0,0
Rpl37,0,1,0,0,0,0,0,0,0,1,0,1
Rpl37a,1,2,0,0,0,0,1,1,0,0,0,0
Rpl38,0,0,0,1,0,0,0,0,0,0,0,0
Rpl39,1,0,0,0,0,0,0,0,0,1,0,0
Rpl4,1,2,1,2,1,0,1,1,3,4,0,1
Rpl5,1,1,1,0,1,0,0,1,0,1,0,1
Rpl6,2,0,2,1,0,0,1,0,0,0,0,0
Rpl7,3,0,1,3,0,0,0,0,0,3,3,1
Rpl7a,0,1,3,0,0,0,0,0,0,1,0,0
Rpl8,0,0,1,1,0,0,1,1,0,1,0,1
Rpl9,1,1,1,0,1,0,0,0,1,0,0,0
Rpl9-ps6,0,0,0,0,0,0,0,1,0,0,0,0
Rplp0,2,1,1,0,0,0,1,1,1,3,0,0
Rplp1,0,0,0,0,0,0,1,0,1,1,0,0
Rplp2,0,1,0,1,0,0,0,0,0,1,0,0
Rpn1,0,1,0,0,0,0,1,0,0,0,0,0
Rpn2,0,1,0,1,0,0,0,0,0,1,0,0
Rps10,1,0,1,1,0,0,0,0,1,1,0,2
Rps11,2,0,0,1,0,0,0,0,0,0,0,0
Rps12,1,2,0,0,0,0,0,0,0,0,0,0
Rps13,0,0,0,1,0,0,0,0,0,0,0,1
Rps14,1,1,1,1,0,0,0,0,0,0,0,0
Rps15,1,1,0,1,0,0,0,0,0,0,1,0
Rps15a,0,0,2,1,0,0,0,0,0,1,0,0
Rps16,1,0,1,2,1,0,0,1,0,0,1,1
Rps17,0,0,1,2,0,0,0,0,0,0,0,0
Rps18,0,0,2,0,0,0,1,0,0,0,0,0
Rps18-ps5,1,0,0,0,0,0,0,0,0,0,0,0
Rps18-ps6,0,0,0,1,0,0,0,0,0,0,0,0
Rps19,2,1,1,0,1,0,1,1,0,0,0,1
Rps2,2,1,1,1,0,0,0,1,1,0,3,0
Rps20,0,0,0,0,0,0,2,1,1,2,0,1
Rps23,0,0,0,1,0,0,0,0,0,0,0,0
Rps23rg1,0,0,0,1,0,0,1,0,0,0,0,1
Rps24,0,3,0,1,0,0,0,0,0,1,1,0
Rps25,0,0,0,1,0,0,0,1,0,0,0,0
Rps26,0,0,0,0,0,0,1,0,0,0,1,0
Rps27,1,0,0,0,0,0,0,2,0,0,1,0
Rps27a,3,2,0,0,0,1,0,0,1,0,0,0
Rps27l,0,0,0,0,0,1,0,0,0,0,0,0
Rps27rt,2,0,0,0,0,0,0,0,0,0,0,0
Rps28,0,0,0,0,0,0,0,0,0,0,0,1
Rps29,0,2,0,0,0,0,0,1,0,0,0,0
Rps3,2,4,1,0,0,0,1,4,0,2,0,1
Rps3a1,3,0,0,0,0,0,0,1,0,0,0,2
Rps4x,5,2,1,0,0,0,4,0,1,0,1,1
Rps5,2,0,0,1,1,0,0,1,0,0,0,2
Rps6,1,2,0,3,1,0,0,1,1,0,0,0
Rps6ka1,0,0,0,0,1,1,0,0,0,0,0,0
Rps6ka4,0,0,0,0,0,0,0,0,0,0,0,1
Rps6kb1,1,0,0,0,0,0,0,1,0,0,0,0
Rps7,1,1,0,0,1,1,0,0,0,2,0,1
Rps8,0,3,1,1,0,0,0,3,0,3,1,1
Rps9,0,0,0,0,1,0,0,0,1,2,1,2
Rpsa,0,3,1,0,0,2,1,3,1,2,1,0
Rraga,0,0,0,1,0,0,0,0,0,0,0,0
Rrbp1,0,0,0,0,0,0,0,0,1,0,1,0
Rrp1,0,0,0,1,0,0,0,1,0,1,0,0
Rrp15,0,0,0,0,0,0,1,0,0,0,0,0
Rrp1b,0,0,1,0,0,0,0,0,0,0,0,0
Rrp7a,0,0,0,0,1,0,0,0,0,0,0,0
Rsf1,0,0,0,0,0,0,1,0,0,0,0,0
Rsl1d1,0,0,0,0,0,0,0,1,0,0,0,0
Rsl24d1,0,0,0,0,0,1,0,0,0,0,0,0
Rspry1,0,1,0,0,0,0,0,0,0,0,0,0
Rtcb,0,0,0,0,0,1,0,0,0,0,0,0
Rtf1,0,0,0,1,0,0,0,0,0,0,0,0
Rtkn,0,0,0,0,0,0,0,0,0,0,0,1
Rtn3,0,0,1,0,0,1,0,0,0,0,1,0
Rtn4,0,0,0,0,0,0,0,0,1,1,1,0
Rttn,0,0,0,0,0,0,1,0,0,0,0,0
Rufy1,0,0,0,0,0,0,1,0,0,0,0,0
Runx1,0,0,0,0,0,0,0,0,0,0,1,0
Ruvbl2,0,0,1,0,0,0,0,0,0,0,0,0
Rxylt1,0,0,0,0,0,0,0,0,1,0,0,0
S100a11,0,0,0,0,0,0,0,0,1,0,0,0
S100a14,0,0,0,0,0,0,0,0,1,0,0,0
S100a6,0,0,0,0,0,0,1,0,0,0,1,0
S1pr2,1,0,0,0,0,0,0,0,0,0,0,0
Saa2,0,0,0,0,0,1,0,0,0,0,0,0
Sae1,0,0,0,0,0,0,0,0,0,0,0,1
Safb,0,0,0,0,0,0,0,0,0,0,0,1
Samd8,0,0,0,0,0,0,0,1,0,0,0,0
Sap18b,0,1,0,0,0,0,0,0,0,0,0,0
Sars,0,0,1,0,0,0,1,0,0,0,1,0
Sart1,0,0,0,0,0,0,1,0,0,0,0,1
Sart3,1,0,0,0,0,0,1,0,0,0,0,0
Sash1,0,1,0,0,0,0,0,0,0,0,0,0
Sbf1,0,0,0,0,0,1,0,0,0,0,0,0
Sbno1,0,0,0,1,0,0,0,0,0,0,0,0
Sbno2,2,0,0,0,0,0,0,1,1,1,0,0
Sbsn,0,0,0,0,1,0,0,0,0,0,0,0
Scaf1,0,0,0,0,0,0,0,1,0,0,0,0
Scaf4,0,0,0,0,0,0,0,0,1,0,0,0
Scarb1,0,0,0,1,0,0,0,0,0,0,0,0
Scd1,0,0,0,0,3,1,0,0,0,0,0,0
Scd2,0,0,0,0,1,0,0,0,0,0,1,0
Scmh1,0,0,0,0,0,0,0,0,1,0,0,0
Scn7a,0,0,0,0,0,0,1,0,0,0,0,0
Scnn1a,0,1,0,0,0,0,0,0,0,0,0,0
Scyl1,0,0,0,1,0,0,0,0,0,0,0,0
Sdc1,0,0,0,0,0,0,0,0,0,1,0,0
Sdc4,0,0,1,0,0,1,0,0,0,0,1,0
Sdcbp,0,1,0,1,0,0,0,0,0,0,0,0
Sde2,0,0,0,0,0,1,0,0,0,0,0,1
Sdf2,0,0,0,0,1,0,0,0,0,0,0,0
Sdha,0,0,1,0,0,0,1,0,0,0,0,0
Sdhaf2,0,0,0,0,0,0,1,0,0,0,0,0
Sdhb,0,0,0,0,0,0,0,1,0,0,0,0
Sdhc,0,0,0,0,0,0,0,0,0,1,0,0
Sdk1,0,0,0,0,0,0,0,0,0,1,0,0
Sdr39u1,0,0,0,0,0,0,1,0,0,0,0,0
Sec11c,1,0,0,0,1,0,0,0,0,0,0,0
Sec13,0,0,0,0,0,1,0,0,0,0,0,0
Sec14l1,0,0,0,0,0,0,0,0,1,0,0,0
Sec23ip,0,0,0,1,0,0,0,0,0,0,0,0
Sec24c,0,0,0,0,1,0,0,0,1,0,0,0
Sec24d,0,0,1,0,0,0,1,0,0,0,0,0
Sec31a,0,1,0,0,0,0,0,1,0,0,0,0
Sec61a1,0,0,0,0,0,0,0,2,0,0,0,0
Sec61a2,0,0,1,0,0,0,0,0,0,0,0,0
Sec63,0,0,0,0,0,1,0,0,0,0,0,0
Selenop,0,0,0,0,2,0,0,0,0,0,0,0
Sema3c,0,0,0,0,0,0,1,0,1,0,0,0
Sema4c,1,0,0,0,0,0,0,0,1,1,0,0
Sema6c,0,0,0,0,0,0,1,0,0,0,0,0
Senp2,0,0,0,0,0,0,0,0,0,1,0,0
Senp6,1,0,0,0,0,0,0,0,0,0,0,0
Sephs2,0,0,0,0,1,0,0,0,0,0,0,0
Septin11,0,0,1,0,0,0,0,0,0,0,0,0
Serbp1,1,0,0,0,0,0,0,0,1,0,1,0
Serf2,0,0,1,0,0,0,0,0,0,0,0,0
Serinc1,0,0,0,0,0,0,0,0,1,1,0,0
Serinc3,2,1,0,0,0,0,0,0,0,1,0,0
Serpina3g,0,0,0,0,0,0,0,0,1,0,0,0
Serpina3n,0,0,0,0,0,0,0,0,0,1,0,0
Serpinb5,0,0,0,0,0,0,1,0,0,1,0,0
Serpinb6a,0,0,1,0,0,0,0,0,0,0,0,0
Serpine1,0,0,0,0,0,0,0,0,1,0,1,0
Serpinf1,0,0,0,0,0,0,0,0,1,0,0,0
Serping1,0,0,0,0,0,0,0,0,0,0,1,0
Serpinh1,0,0,0,0,0,0,0,1,1,0,0,1
Sertad1,0,0,0,0,0,0,0,0,1,0,0,0
Sertad2,0,0,0,0,0,0,0,1,0,0,0,0
Sesn3,0,0,1,0,0,0,0,0,0,0,0,0
Set,0,1,0,0,0,0,0,0,0,0,0,0
Setbp1,0,0,0,0,0,0,0,0,0,0,0,1
Setd2,0,0,1,0,0,0,0,0,0,0,1,0
Setd3,0,0,0,0,0,0,0,0,0,1,0,0
Setd5,1,0,0,0,0,0,0,0,0,0,0,0
Setd7,0,0,0,1,0,0,0,0,0,0,0,0
Setx,1,0,1,0,0,1,0,0,0,0,2,0
Sf1,0,0,0,2,0,0,0,0,0,0,1,0
Sf3a1,0,0,0,0,0,0,0,1,0,0,0,0
Sf3a3,1,1,0,0,0,0,0,0,0,0,0,0
Sf3b1,1,0,1,1,0,0,0,0,2,1,0,0
Sf3b2,0,0,0,0,0,0,0,1,0,0,0,0
Sf3b3,0,0,0,0,1,0,0,1,0,0,0,0
Sf3b4,0,1,0,0,0,0,0,0,0,0,0,0
Sf3b6,0,0,0,0,0,0,0,0,1,0,0,0
Sfn,1,0,0,0,0,0,4,1,1,0,1,0
Sfpq,1,0,0,0,0,0,0,0,0,0,1,1
Sfrp1,0,0,0,0,0,0,0,0,0,0,0,1
Sfxn3,0,0,1,0,0,0,0,0,0,0,0,0
Sgk1,0,2,0,1,0,0,0,0,1,1,2,0
Sgpl1,0,1,0,0,0,0,0,0,0,0,0,0
Sgpp1,0,0,0,0,0,0,1,0,0,0,0,0
Sgsm2,0,1,0,0,0,0,0,0,0,0,0,0
Sgsm3,0,0,0,0,0,1,0,0,0,0,0,0
Sh2b3,0,0,0,0,0,0,1,0,0,0,0,0
Sh2d5,0,0,0,0,0,0,0,0,0,1,0,0
Sh3bp4,0,1,0,0,0,0,0,0,0,1,0,0
Sh3d19,0,1,0,0,0,0,0,1,0,0,0,0
Sh3d21,0,0,0,0,0,0,1,0,0,0,0,0
Sh3pxd2b,0,0,1,0,0,0,0,0,0,0,0,0
Shank3,0,0,0,0,0,0,1,0,0,0,0,0
Shd,0,1,0,0,0,0,0,0,0,0,0,0
Shisa5,0,1,0,0,0,0,0,0,0,0,0,0
Shmt1,1,0,0,0,0,0,0,0,0,0,0,0
Shprh,0,0,0,0,0,0,0,1,0,0,0,0
Shroom3,0,0,0,0,1,0,0,1,0,1,1,0
Sidt2,0,0,0,1,0,0,0,1,0,0,0,0
Sik1,0,0,0,1,0,0,0,2,0,0,0,0
Sik3,0,0,0,0,0,0,0,0,0,1,0,0
Sin3a,0,0,0,0,0,0,1,0,0,0,0,0
Sin3b,1,0,0,0,0,0,0,0,0,0,0,0
Sipa1l1,0,1,0,0,0,0,0,0,0,0,0,0
Sipa1l3,1,0,0,0,0,0,0,0,0,0,0,0
Sirt2,0,0,0,0,0,1,0,0,0,0,1,0
Sirt5,0,1,0,0,0,0,1,0,0,1,0,0
Six4,1,0,0,0,0,0,0,0,0,0,0,0
Skil,0,1,0,0,0,0,1,0,0,0,0,0
Skiv2l,0,0,0,0,0,0,0,0,1,0,0,0
Skp1,0,0,0,0,0,0,1,0,0,0,0,0
Slbp,0,0,0,1,0,0,0,0,0,0,0,0
Slc12a2,0,1,0,0,0,1,0,0,0,0,0,0
Slc16a1,0,0,0,0,0,0,0,0,0,0,0,1
Slc1a4,0,1,0,0,0,0,0,0,0,0,0,0
Slc20a1,0,0,1,0,0,0,0,0,0,1,0,0
Slc25a1,0,0,0,0,0,1,0,0,0,0,0,0
Slc25a23,0,0,0,0,0,0,0,1,0,0,0,0
Slc25a25,1,0,0,0,0,0,0,0,0,0,0,0
Slc25a3,0,0,0,0,0,0,1,1,0,0,1,0
Slc25a39,0,1,0,1,0,1,0,0,0,0,0,0
Slc25a4,0,0,0,0,1,0,0,0,0,1,1,1
Slc25a5,2,0,0,0,0,0,0,0,3,0,0,0
Slc28a3,0,0,0,1,1,0,0,0,0,0,0,0
Slc29a1,0,0,0,0,0,0,0,0,0,1,0,0
Slc2a1,0,1,0,0,0,0,0,0,0,0,0,1
Slc2a4,0,0,0,0,0,0,0,0,0,1,0,0
Slc30a2,0,0,0,0,1,0,0,0,0,0,0,0
Slc30a5,0,1,0,0,0,0,0,0,1,0,0,0
Slc35a1,0,0,0,0,0,0,0,0,1,0,0,0
Slc38a1,0,0,0,0,0,0,1,0,0,0,0,0
Slc38a10,0,0,0,0,0,0,0,0,0,0,0,1
Slc38a3,0,0,0,0,0,0,0,0,1,0,0,0
Slc39a1,0,1,0,0,0,0,0,0,0,0,0,0
Slc39a11,0,1,0,0,0,0,0,0,0,0,0,0
Slc3a2,0,1,0,0,0,0,0,0,1,0,0,0
Slc43a3,0,0,0,0,0,0,0,0,1,0,0,0
Slc44a2,0,0,0,0,0,0,1,1,0,1,0,0
Slc50a1,0,0,0,0,0,1,0,0,0,0,0,0
Slc5a1,1,0,1,0,0,0,0,0,0,0,0,0
Slc5a5,0,1,0,0,0,0,0,0,0,0,0,0
Slc66a2,0,0,0,0,0,0,0,1,0,0,0,0
Slc6a8,0,0,0,0,0,0,1,0,0,0,0,1
Slc7a4,0,0,0,0,0,1,0,0,0,0,0,0
Slc7a6,0,0,1,0,0,0,0,0,0,0,0,0
Slc7a7,0,0,0,0,1,0,0,0,0,0,0,0
Slc9a1,0,1,0,0,0,0,0,0,0,0,0,0
Slco2a1,0,0,0,0,0,0,0,1,0,0,0,0
Slk,0,0,0,0,1,0,0,0,0,0,1,0
Slpi,0,0,0,0,0,0,2,1,0,0,0,0
Sltm,0,1,0,0,1,0,0,0,0,0,0,0
Smad4,0,0,0,0,0,0,1,0,1,0,1,0
Smad6,0,0,0,0,0,0,0,0,0,1,0,0
Smap1,0,0,0,0,1,0,0,0,0,0,0,0
Smap2,1,0,0,0,0,0,0,0,0,0,0,0
Smarca2,0,0,0,0,0,0,0,0,0,0,1,0
Smarca4,2,0,1,0,1,0,0,0,0,1,0,0
Smarca5,1,0,0,0,1,0,0,1,0,0,0,0
Smarcad1,0,0,0,0,0,0,0,0,1,0,0,0
Smarcc1,0,0,0,0,0,0,1,0,0,0,0,0
Smarcc2,0,0,0,0,0,0,0,0,1,0,0,0
Smarcd1,0,0,0,1,0,0,0,0,0,0,0,0
Smarcd2,0,0,1,0,0,0,0,0,0,0,0,0
Smarcd3,0,0,0,0,0,0,0,0,0,0,1,0
Smc1a,0,1,0,0,0,0,0,0,0,0,0,0
Smc2,0,0,0,0,0,0,0,1,0,0,0,0
Smc4,1,0,0,0,0,0,0,0,0,0,0,0
Smco4,0,0,0,0,0,0,0,0,0,1,0,0
Smdt1,0,0,0,0,0,0,0,0,0,0,0,1
Smg1,0,1,0,0,0,0,0,0,0,0,0,0
Smpd1,0,0,0,0,0,1,0,0,0,0,0,0
Smtn,1,0,0,0,0,0,1,1,0,0,4,2
Snd1,0,0,1,0,0,0,0,0,0,0,0,0
Snrnp200,0,0,0,1,0,0,0,0,0,0,0,0
Snrnp70,0,2,0,1,0,0,0,0,0,0,0,1
Snrpb,0,0,0,0,0,0,0,0,1,0,1,0
Snrpc,0,0,0,0,0,0,0,0,0,0,1,0
Snrpd1,0,0,0,0,0,0,1,0,0,0,1,0
Snrpd3,0,0,0,1,0,0,0,0,0,0,0,0
Snrpe,0,0,0,0,0,0,0,0,0,0,0,1
Snrpf,0,0,0,0,0,0,0,1,0,0,0,0
Snupn,0,0,0,0,0,0,0,0,0,0,1,0
Snx12,1,0,0,0,0,0,0,0,0,0,0,0
Snx13,0,1,0,0,0,0,0,0,0,0,0,0
Snx19,1,0,0,0,0,0,0,0,0,0,0,0
Snx25,0,0,0,0,1,0,0,0,0,0,0,0
Snx5,0,0,0,0,1,0,0,0,0,0,0,0
Snx6,0,0,2,0,0,0,0,0,1,0,0,0
Socs3,0,0,0,0,0,0,1,0,0,0,2,0
Soga1,0,0,1,0,0,0,0,0,0,0,0,0
Son,1,0,0,0,0,0,1,2,0,1,0,0
Sorbs1,0,0,0,0,0,0,1,1,0,0,0,1
Sos1,0,0,0,0,0,0,0,0,0,0,0,1
Sparc,0,0,0,0,0,0,1,0,4,1,1,1
Spata24,0,0,1,0,0,0,0,0,0,0,0,0
Spcs2,0,0,0,0,0,0,0,0,2,0,0,0
Specc1l,0,0,0,0,0,0,0,0,0,1,0,0
Spg7,1,0,0,0,0,0,0,0,0,0,0,0
Sphk1,0,0,0,0,0,0,0,0,0,0,1,0
Spon2,0,0,0,0,0,0,0,0,0,1,0,0
Spop,0,0,0,0,0,0,0,1,0,0,0,0
Spout1,0,0,0,0,0,0,0,1,0,0,0,0
Spp1,1,3,5,4,11,14,0,0,0,0,0,0
Sppl2a,0,1,0,0,1,0,0,0,0,0,0,0
Spry1,1,0,0,0,0,0,0,0,0,0,0,0
Spry2,0,1,0,0,0,0,0,0,0,0,0,1
Spsb3,0,0,0,0,0,0,1,0,0,0,0,0
Sptan1,0,1,0,1,1,0,1,0,0,0,1,0
Sptbn1,0,0,0,0,0,0,0,0,0,1,0,2
Sptbn2,0,0,1,0,0,0,0,0,0,0,0,0
Sptlc2,0,0,0,1,0,0,0,0,0,0,0,0
Sqstm1,0,0,1,0,0,0,1,1,0,0,0,0
Srbd1,0,1,0,0,0,0,0,0,0,0,0,0
Srcap,0,1,0,0,0,0,0,0,0,0,0,0
Srebf1,0,0,1,0,0,0,0,0,0,0,0,0
Srebf2,0,0,0,0,0,0,0,0,0,1,0,0
Srf,1,0,0,0,0,0,0,0,0,0,0,0
Srgap2,0,0,0,0,0,0,0,0,1,0,0,0
Srm,0,0,0,0,0,0,0,0,0,0,1,0
Srp54c,0,0,0,0,0,0,1,0,0,0,0,0
Srp68,1,0,0,0,0,0,0,0,0,0,0,0
Srpr,0,0,0,0,0,0,0,0,1,0,0,0
Srrm2,0,1,0,1,0,1,1,0,0,0,0,1
Srrt,0,1,0,0,0,0,0,0,0,0,0,0
Srsf11,0,0,0,0,0,0,0,0,0,0,0,1
Srsf2,0,0,1,0,0,0,0,0,0,0,0,1
Srsf5,0,0,0,1,0,0,0,0,0,0,0,1
Srsf6,0,1,0,0,0,0,0,1,0,1,0,1
Srxn1,1,0,0,0,0,0,0,0,0,0,0,0
Ss18,0,0,0,0,0,0,0,0,0,0,1,0
Ssbp3,0,0,0,0,0,0,0,1,0,0,0,0
Ssr1,0,0,0,0,0,0,0,1,0,0,0,0
Ssr4,0,0,0,1,0,1,0,0,0,0,0,0
Ssrp1,0,0,0,0,0,0,1,0,0,0,0,0
St13,0,0,0,0,0,0,0,0,1,0,0,0
St14,0,0,0,0,0,1,0,0,0,0,0,0
St8sia6,0,0,0,0,0,0,1,0,0,0,0,0
Stat3,0,1,0,0,0,2,1,0,1,0,1,0
Stau1,1,0,0,0,0,0,0,0,0,0,1,0
Stc2,0,1,0,0,0,0,0,0,0,0,0,0
Steap4,0,0,0,0,0,0,0,0,0,0,0,1
Sting1,0,0,0,0,0,0,1,0,0,0,0,0
Stk11,0,0,0,0,0,0,0,0,0,0,1,0
Stk38,0,0,0,0,0,0,0,0,1,0,0,0
Stk4,0,1,0,0,0,0,0,0,0,0,0,0
Stk40,1,0,0,0,0,0,0,0,0,1,0,0
Ston1,0,0,0,0,0,0,0,0,0,1,0,0
Stox2,0,0,0,0,0,0,0,0,0,1,0,0
Stt3a,0,0,0,0,0,0,0,1,0,0,0,0
Stt3b,0,0,1,0,0,0,0,0,0,0,0,0
Stx12,0,0,0,0,0,0,0,1,0,0,1,0
Stx3,1,0,0,0,0,0,0,0,0,0,0,0
Stx8,0,0,0,0,0,0,0,0,0,0,0,1
Sub1,0,0,0,0,0,0,0,0,0,0,1,0
Sucla2,0,0,0,0,0,0,0,0,0,0,1,0
Suclg2,1,0,0,0,0,0,0,0,1,0,0,0
Suco,1,0,0,0,0,0,1,0,0,1,1,0
Sumo2,0,0,0,0,0,0,0,0,1,0,0,0
Sun1,0,0,0,0,0,0,0,0,1,0,0,0
Sun2,1,0,0,0,0,0,0,0,0,0,0,0
Supt16,0,0,0,0,0,0,0,0,0,1,0,0
Supt4a,1,0,0,0,0,0,0,0,0,0,0,0
Supt5,0,0,0,1,0,0,1,0,0,0,0,0
Supv3l1,0,0,0,0,0,1,0,0,0,0,0,0
Susd6,1,0,0,0,0,0,0,0,0,0,0,0
Swi5,0,0,0,0,0,0,0,0,1,0,0,0
Syap1,0,0,0,0,0,0,0,0,0,1,0,0
Syf2,1,0,0,0,0,0,0,0,0,0,0,0
Sympk,0,0,0,0,0,0,0,0,0,0,0,1
Syncrip,0,0,1,0,0,0,1,0,0,0,2,0
Syngap1,1,0,0,0,0,0,0,0,0,0,0,0
Synj1,0,0,0,0,0,0,0,0,0,0,1,0
Synm,0,0,0,0,0,0,0,0,1,0,0,2
Syt12,0,0,1,0,0,0,0,0,0,0,0,0
Szt2,0,0,0,0,0,0,0,0,1,0,0,0
Tab2,0,0,0,0,0,0,0,0,1,0,0,0
Tada2a,1,0,0,0,0,0,0,0,0,0,0,0
Taf4b,0,0,0,0,1,0,0,0,0,0,0,0
Taf6,0,0,0,0,0,1,0,0,0,0,0,0
Taf9,1,0,0,0,0,0,0,0,0,0,0,0
Tafazzin,0,0,0,0,0,1,0,0,0,0,0,0
Tagln,0,0,0,0,0,0,4,0,1,2,2,4
Taldo1,0,0,0,1,1,1,0,0,0,0,0,0
Tanc1,0,0,0,0,0,0,0,0,1,1,1,0
Taok1,1,0,0,0,0,0,0,0,0,0,0,0
Tap1,0,1,0,0,0,0,0,0,0,0,0,0
Tap2,0,0,0,0,0,0,0,0,0,1,0,1
Tapt1,0,0,0,0,0,0,0,0,0,0,0,1
Tardbp,0,0,0,0,0,1,0,1,0,0,0,0
Tars,0,0,0,0,0,0,0,0,1,0,1,0
Tatdn2,1,0,1,0,0,0,0,0,0,0,0,0
Tatdn3,0,0,0,0,0,0,0,0,0,0,0,1
Tax1bp1,0,0,0,0,0,0,1,1,0,0,0,0
Tbc1d10a,0,0,0,0,1,0,0,0,0,0,0,0
Tbc1d12,1,0,0,0,0,0,0,0,0,0,0,0
Tbc1d14,0,0,0,0,0,0,0,0,0,1,0,0
Tbc1d16,0,1,0,0,0,0,1,0,0,0,0,0
Tbc1d32,0,0,0,0,0,0,0,0,0,1,0,0
Tbc1d4,0,0,0,0,0,0,1,0,0,0,0,0
Tbc1d8,0,0,0,0,0,1,0,0,0,0,0,0
Tbc1d9,0,0,0,0,0,0,0,0,1,0,0,0
Tbcd,0,1,0,0,0,0,0,0,0,0,0,0
Tbce,0,0,0,0,0,1,0,0,0,0,0,0
Tbrg4,0,0,1,0,0,0,0,0,0,0,0,0
Tcaf1,0,0,0,0,0,0,0,0,0,0,0,1
Tcaf2,1,0,0,0,0,1,0,0,0,0,0,0
Tceal9,0,0,0,0,1,0,0,0,0,0,0,0
Tcerg1,0,0,1,0,0,0,0,0,0,0,0,0
Tcf12,0,0,0,0,0,0,0,0,0,0,0,1
Tcf20,0,0,0,0,0,0,0,0,0,1,0,0
Tcf25,0,1,0,0,0,0,0,0,0,0,0,0
Tcf4,0,0,0,0,0,0,0,0,1,0,0,0
Tcf7l2,0,0,1,0,0,0,0,0,0,0,0,0
Tcim,0,0,0,0,0,0,0,0,0,0,1,0
Tcirg1,0,0,1,0,0,0,0,0,0,0,0,0
Tcp1,0,0,0,0,0,0,0,0,1,0,0,0
Tctn2,1,0,0,0,0,0,0,0,0,0,0,0
Tead2,0,0,1,0,0,0,0,0,0,0,0,0
Tead3,0,0,0,0,0,0,0,0,0,0,0,1
Tecr,0,0,0,0,0,0,0,0,0,1,1,0
Tenm2,0,0,0,0,0,0,0,1,0,0,0,0
Tenm3,0,0,0,0,0,0,0,0,0,1,0,0
Tent2,0,0,1,1,0,0,0,0,0,0,0,0
Tent4a,1,0,0,0,0,0,0,0,0,0,0,0
Tes,0,0,0,0,0,0,0,0,0,0,3,0
Tfap2a,0,0,0,0,0,0,0,1,0,0,0,0
Tfap2c,0,0,2,0,0,0,0,0,0,0,0,0
Tfb2m,0,0,0,0,0,0,1,0,0,0,0,0
Tfdp1,0,1,0,0,0,0,0,0,0,0,0,0
Tgfbr2,0,0,0,0,0,0,0,0,1,0,0,0
Tgfbr3,0,0,0,0,0,0,0,0,0,1,0,0
Tgif1,0,0,0,0,1,0,0,0,0,0,0,0
Tgm2,0,0,0,0,1,0,1,0,0,0,0,0
Tgs1,0,0,0,0,0,0,0,1,0,0,0,0
Thada,0,0,0,1,0,0,0,0,0,0,0,0
Thap2,0,0,0,0,0,0,0,0,1,0,0,0
Thbs1,1,0,1,1,0,0,3,3,4,4,3,2
Thoc1,0,1,2,0,0,0,0,0,0,0,0,0
Thoc6,0,0,0,1,0,0,0,0,0,0,0,0
Thra,0,0,1,0,0,0,0,0,0,1,1,0
Thrsp,0,0,0,0,0,1,0,0,0,0,0,0
Timmdc1,0,0,0,0,0,0,1,0,0,0,0,0
Timp2,0,0,0,0,0,0,0,0,0,0,0,1
Timp3,0,0,0,0,0,0,0,0,0,0,1,0
Tinagl1,0,0,0,1,0,0,0,0,0,0,0,0
Tiparp,0,0,0,0,0,0,1,0,0,1,0,0
Tjp1,0,1,0,0,0,0,0,0,0,0,0,0
Tkt,0,1,1,1,2,0,0,0,0,0,0,0
Tle2,0,0,0,1,0,0,0,0,0,0,0,0
Tle3,1,0,0,0,0,0,0,0,0,0,0,0
Tle5,1,0,0,0,0,0,0,0,0,0,0,0
Tln1,0,0,0,0,0,0,0,1,1,2,1,1
Tlr2,0,0,0,0,1,0,0,0,0,0,0,0
Tlr5,0,0,0,0,0,0,0,0,0,1,0,0
Tm4sf1,0,0,0,0,0,0,0,0,0,0,0,1
Tma16,1,0,0,0,0,0,0,0,0,0,0,0
Tmbim4,1,0,0,0,0,0,0,0,0,0,0,0
Tmbim6,0,0,0,0,0,1,0,0,0,0,0,0
Tmc4,0,3,0,0,0,0,0,0,0,0,0,0
Tmc6,0,0,0,0,0,0,0,0,1,0,0,0
Tmcc3,0,0,0,0,0,0,0,0,0,1,0,0
Tmed1,0,0,0,0,0,0,0,1,0,0,0,0
Tmed10,0,1,0,0,0,0,0,0,0,0,0,0
Tmed2,0,0,0,0,0,0,0,0,0,0,1,0
Tmed3,0,2,0,0,0,0,0,0,0,0,0,0
Tmed5,0,1,0,0,0,0,0,0,0,0,0,0
Tmed7,0,1,0,0,0,0,0,0,0,0,0,0
Tmem131,1,0,0,0,0,0,0,0,0,0,0,0
Tmem132a,0,0,0,0,0,0,0,0,0,2,0,1
Tmem165,0,0,0,0,1,0,0,0,0,0,0,0
Tmem176b,0,0,0,0,0,0,1,0,1,0,0,0
Tmem200a,0,0,0,0,0,0,0,0,0,0,1,0
Tmem208,0,0,0,0,1,0,0,0,1,0,0,0
Tmem245,1,0,0,0,0,0,0,0,0,0,0,0
Tmem251,0,1,0,0,0,0,0,0,0,0,0,0
Tmem256,0,0,1,0,0,0,0,0,0,0,0,0
Tmem259,0,0,0,0,0,0,0,0,0,0,1,1
Tmem51,0,1,0,0,0,0,0,0,0,0,0,0
Tmem53,0,0,0,0,0,1,0,0,0,0,0,0
Tmem59,0,2,0,0,0,0,0,0,1,0,0,0
Tmem87a,0,0,0,0,0,0,0,0,1,0,0,0
Tmem8b,0,0,0,0,0,0,1,0,1,0,0,0
Tmem94,0,1,0,0,0,0,0,0,0,0,0,0
Tmsb10,0,0,0,0,0,0,0,0,0,1,0,0
Tmsb4x,0,0,0,1,0,0,0,0,0,0,0,0
Tmtc1,0,0,0,0,0,0,0,1,0,0,0,0
Tmub2,0,0,0,0,0,0,0,0,0,1,0,0
Tnc,0,0,0,1,0,0,0,0,0,0,0,0
Tnf,1,0,0,0,0,0,0,0,0,0,0,0
Tnfrsf12a,0,0,0,0,0,0,0,1,0,0,0,0
Tnfrsf22,0,0,0,0,0,0,0,1,0,0,0,0
Tnfsf9,0,0,0,0,0,0,0,0,0,1,0,0
Tnip1,0,0,0,0,0,0,0,0,0,0,0,1
Tnip2,0,0,0,0,0,0,1,0,0,0,0,0
Tnk2,0,0,0,0,1,0,0,0,0,0,0,0
Tnks1bp1,1,0,0,0,1,0,0,0,0,1,0,0
Tnks2,0,0,0,2,0,0,0,0,1,0,1,0
Tnpo1,0,0,0,0,0,0,1,0,0,0,0,0
Tnrc18,0,0,0,0,0,0,0,0,0,1,0,0
Tnrc6a,0,0,1,0,0,0,0,0,0,0,0,0
Tnrc6b,0,0,1,0,0,0,0,0,0,0,0,0
Tns1,0,0,0,0,0,0,1,0,0,1,3,0
Tns4,0,0,0,0,0,0,0,0,0,1,0,0
Tomm34,0,0,1,0,0,0,0,0,0,0,0,0
Tomm40,0,0,0,0,0,0,0,0,0,0,1,0
Tomm70a,0,0,0,0,0,0,0,0,0,1,0,0
Top1,0,0,0,0,0,0,2,1,0,1,0,0
Top2b,0,0,1,0,0,0,0,0,0,0,0,0
Topors,0,0,1,0,0,0,0,0,1,0,0,1
Tor1aip1,0,1,0,0,0,0,0,0,0,0,0,0
Tor2a,0,0,0,0,0,0,0,1,0,0,0,0
Tpbg,0,0,0,0,0,0,0,1,0,0,2,0
Tpi1,0,0,0,1,0,0,0,0,0,0,0,0
Tpm1,0,0,0,0,0,0,1,2,2,1,0,3
Tpm2,0,0,0,0,0,0,3,1,0,2,6,1
Tpm3,0,0,0,0,0,0,0,2,0,1,0,0
Tpm4,0,0,0,0,0,0,0,0,0,0,1,0
Tpp1,0,0,0,0,0,0,0,1,0,0,0,0
Tpr,0,1,0,0,0,1,0,1,0,0,1,0
Tprkb,0,1,0,0,0,0,0,0,0,0,0,0
Tpt1,4,2,2,1,1,1,5,0,0,2,2,2
Tra2b,0,0,0,0,0,0,0,1,0,0,0,0
Traf4,0,0,0,0,0,1,0,0,0,0,0,0
Traf7,0,0,0,0,0,0,0,1,0,0,0,0
Trafd1,0,0,0,1,0,0,0,0,0,0,0,0
Trak1,0,2,0,1,0,0,0,0,1,0,0,0
Trak2,0,0,0,0,0,0,1,0,0,0,0,0
Trappc10,0,0,0,0,0,0,0,0,0,1,0,0
Trappc11,0,0,0,0,0,1,0,0,0,1,0,0
Trappc12,0,0,0,0,0,0,0,0,0,0,0,1
Trappc2,0,0,0,0,1,0,0,0,0,0,0,0
Trappc4,0,1,0,0,0,0,0,0,0,0,0,0
Trappc6b,0,0,0,0,0,0,0,0,0,1,0,0
Trappc8,0,0,1,0,0,0,0,0,0,0,0,0
Trf,4,5,21,13,35,29,0,0,0,0,0,1
Trib1,0,0,0,0,0,0,0,0,0,0,1,0
Trim28,0,1,1,0,0,1,0,0,2,0,1,0
Trim29,0,0,0,0,0,0,1,0,0,0,0,0
Trim7,0,0,1,0,0,0,0,0,0,0,0,0
Triobp,0,0,0,0,0,0,0,0,0,0,1,0
Trip12,0,0,0,0,0,0,0,0,1,0,0,0
Trmt10c,0,0,0,0,0,0,0,0,0,0,0,1
Trmt11,0,0,0,0,0,0,0,0,1,0,0,0
Trmt6,0,0,0,0,0,0,0,0,0,0,1,0
Tro,0,0,0,0,0,0,0,0,1,1,0,0
Trp53,0,0,0,1,0,0,0,0,0,0,0,0
Trp53bp1,0,0,0,0,0,0,1,0,0,0,0,0
Trp53bp2,0,0,0,0,0,0,1,0,0,0,0,0
Trp53inp2,1,0,0,0,0,0,0,0,0,0,0,0
Trpm4,0,1,0,0,0,1,0,0,0,0,0,0
Trrap,1,0,0,0,0,0,0,0,0,0,0,1
Tsc2,0,0,0,0,0,0,0,1,0,0,0,0
Tsc22d1,0,0,0,0,0,0,1,0,0,0,1,0
Tsg101,1,0,0,0,0,0,0,0,0,0,0,0
Tshz2,0,0,0,0,0,0,1,0,0,0,0,0
Tspan12,0,0,0,0,0,1,0,0,0,0,1,0
Tspan3,1,0,0,0,0,0,0,0,0,0,0,0
Tspan4,0,0,1,0,0,0,0,1,0,0,0,0
Tstd2,0,0,0,0,0,0,0,0,0,0,1,0
Ttc14,0,0,0,0,0,0,0,0,0,0,0,1
Ttc3,0,0,0,0,0,0,1,1,0,0,1,0
Ttc37,0,0,0,0,0,0,0,0,0,0,1,0
Tuba1a,0,0,0,1,0,0,2,2,0,0,0,0
Tuba1b,2,1,0,0,0,0,0,2,1,0,0,1
Tuba1c,0,0,0,0,0,0,0,0,0,0,1,0
Tuba4a,0,0,0,0,0,0,0,0,0,0,1,0
Tubb2a,0,1,0,0,0,0,0,0,0,0,1,0
Tubb2b,0,0,0,1,0,0,0,0,0,0,0,1
Tubb4b,0,0,0,0,0,0,0,0,1,0,0,0
Tubb5,1,0,0,0,0,0,1,0,0,0,1,0
Tubb6,0,0,0,0,0,0,0,1,0,0,0,2
Tubgcp2,0,0,0,0,0,0,1,0,1,0,0,0
Tufm,0,0,0,0,0,0,1,0,0,0,0,0
Txlng,0,0,0,0,0,0,1,0,0,0,0,0
Txn1,1,0,0,0,0,0,0,0,0,0,0,0
Txndc11,0,1,0,0,0,0,0,0,0,0,0,0
Txndc16,0,0,0,0,0,0,1,0,0,0,0,0
Txndc17,0,0,0,0,0,1,0,0,0,0,0,0
Txndc5,0,0,0,0,0,0,0,1,0,0,0,0
Txnip,0,0,0,2,1,1,1,0,0,0,0,0
Txnl4a,0,0,0,0,0,0,0,0,0,1,0,0
Txnrd1,1,1,0,0,0,0,1,1,1,0,0,0
U2af1,0,0,0,0,0,0,0,1,0,0,0,0
U2af2,0,3,0,0,0,0,0,0,0,1,0,0
U2surp,0,0,0,0,0,0,0,0,0,1,0,0
Uap1,0,0,0,0,0,0,0,0,1,0,0,0
Uap1l1,0,0,0,0,0,0,0,0,0,0,0,1
Uba1,0,0,1,0,0,0,0,0,0,0,0,0
Uba52,1,0,1,1,0,0,0,0,0,0,1,0
Ubald2,0,0,0,0,0,0,0,0,1,0,0,0
Ubap2,0,0,0,0,0,0,1,0,0,0,0,0
Ubap2l,0,0,0,0,0,0,1,0,0,0,0,0
Ubb,1,2,2,1,1,1,1,1,4,0,2,1
Ubc,2,0,1,4,2,0,6,3,3,3,6,4
Ube2b,0,1,0,1,0,0,1,0,0,0,0,0
Ube2d2a,0,0,0,0,0,0,0,0,0,1,0,0
Ube2f,0,0,0,0,0,0,0,1,0,0,0,0
Ube2m,0,0,0,0,0,0,1,0,0,0,0,0
Ube2n,1,0,0,0,0,0,0,0,0,0,0,0
Ube2o,0,0,0,1,0,0,0,0,0,0,0,0
Ube2v1,0,0,0,0,0,1,0,0,0,0,0,0
Ube3c,0,0,0,0,1,0,0,0,0,0,0,0
Ubl3,0,0,0,0,0,0,0,0,0,1,0,0
Ubl5,0,0,1,0,0,0,1,0,0,0,0,0
Ubn2,0,0,1,0,0,0,0,0,0,0,0,0
Ubqln1,0,0,0,1,0,0,0,0,0,1,1,0
Ubr4,1,0,0,0,0,0,1,0,0,0,0,0
Ubr5,0,0,0,0,1,0,0,0,0,0,0,0
Ubtd1,0,0,0,0,1,0,0,0,0,0,0,0
Ubxn1,0,0,0,0,1,0,0,0,0,0,0,0
Ubxn2a,0,1,0,0,0,0,0,0,0,0,0,0
Ubxn6,0,0,1,0,0,0,0,0,0,0,0,0
Uchl3,0,0,0,0,0,0,0,0,1,0,0,0
Ucp2,0,0,1,0,0,0,0,0,0,0,0,1
Ugdh,0,1,0,0,0,0,0,0,0,0,0,0
Uggt1,0,1,0,0,0,0,0,0,0,0,0,0
Ugp2,0,0,0,0,0,0,0,0,0,0,1,0
Ugt1a6b,0,0,0,0,0,0,0,0,1,0,0,0
Uhrf1,0,0,0,0,0,0,0,0,1,0,0,0
Uhrf1bp1,1,0,0,0,0,0,0,0,0,0,0,0
Unc45a,0,0,0,0,0,0,0,0,0,0,1,0
Upf2,0,0,0,0,0,0,0,0,1,0,1,0
Upf3a,0,0,0,0,0,0,0,0,0,0,1,0
Uqcrb,0,0,0,0,0,0,1,0,0,0,0,0
Uqcrc1,0,0,0,0,0,0,0,0,1,0,0,0
Uqcrc2,0,0,1,0,0,0,0,1,0,0,1,0
Urb1,0,0,0,0,0,0,0,0,0,1,0,0
Uso1,1,0,0,0,0,0,0,0,0,0,1,0
Usp11,1,0,0,0,0,0,0,0,0,0,0,0
Usp14,0,0,0,0,0,0,0,0,1,0,0,0
Usp16,0,0,0,0,0,0,1,0,0,0,0,1
Usp25,0,0,0,1,0,0,0,0,0,0,0,0
Usp3,0,0,0,0,0,0,0,0,0,0,0,1
Usp34,0,0,0,0,0,1,0,0,0,0,0,0
Usp37,0,0,0,0,0,0,1,0,0,0,0,0
Usp38,0,0,0,0,1,0,0,0,0,1,0,0
Usp39,0,0,0,0,0,0,0,0,0,1,0,0
Usp40,0,0,0,0,0,0,0,0,0,1,0,0
Usp43,0,0,0,0,0,0,0,1,0,0,0,0
Usp48,0,0,0,0,0,0,1,0,0,0,0,0
Usp9x,0,0,0,0,0,0,0,2,0,0,1,0
Utp14a,0,0,0,0,0,0,0,0,0,1,0,0
Utp14b,0,0,0,0,0,0,0,0,0,1,0,0
Utp20,0,0,0,0,0,0,0,0,0,0,1,1
Utrn,0,0,0,0,0,0,0,1,1,0,1,0
Vars2,0,0,0,0,1,0,0,0,0,0,0,0
Vasn,2,0,0,0,0,0,0,0,0,0,0,0
Vasp,0,0,0,0,0,0,0,0,0,0,0,1
Vav3,0,0,0,0,0,0,1,0,0,0,0,1
Vcl,0,0,0,0,1,0,0,0,0,0,3,1
Vcp,0,0,0,0,0,0,2,1,2,1,0,0
Vcpip1,0,0,0,0,0,0,0,1,0,0,0,0
Vdac1,0,0,0,0,0,0,0,0,1,0,0,0
Vdac2,0,0,0,0,0,0,1,0,0,0,0,0
Vegfa,0,0,0,0,0,1,0,0,0,0,0,0
Vezf1,0,0,0,0,0,0,0,1,0,0,0,0
Vim,0,0,0,0,0,0,4,1,0,1,0,3
Vipr1,0,0,0,0,0,0,0,0,0,0,0,1
Vps13a,0,0,1,0,0,0,0,0,0,0,1,0
Vps13d,0,0,0,0,0,0,0,0,0,0,0,1
Vps33b,0,0,0,0,0,0,0,0,0,0,1,1
Vps36,0,0,0,0,0,0,0,0,0,1,0,0
Vps37a,0,0,0,0,0,0,1,0,0,1,0,0
Vps41,0,0,0,0,0,1,0,0,0,0,0,0
Vps50,0,1,0,0,0,0,0,0,0,0,0,0
Vps51,1,0,0,0,0,0,0,0,0,0,0,0
Vps52,0,0,1,0,0,0,0,0,0,0,0,0
Vps53,0,0,0,0,0,0,0,0,0,0,0,1
Vps8,0,0,0,0,1,0,0,0,0,0,0,0
Vwa8,0,0,1,0,0,0,0,0,0,0,0,0
Wac,1,0,0,0,0,0,0,0,0,0,0,0
Wap,0,0,3,7,37,34,0,0,1,0,0,1
Washc1,0,0,0,0,0,1,0,0,0,0,0,0
Wbp11,0,0,0,0,0,0,0,1,0,0,0,0
Wdr1,0,0,0,0,0,0,0,0,0,0,1,0
Wdr13,1,0,0,0,0,0,0,0,0,0,0,0
Wdr26,1,0,0,0,0,0,0,1,0,0,0,0
Wdr3,0,1,0,0,0,0,0,0,0,0,0,0
Wdr35,0,0,0,0,0,0,1,0,0,0,0,0
Wdr43,0,0,0,0,0,0,0,0,2,0,0,0
Wdr45b,0,1,0,0,0,0,0,0,0,0,0,0
Wdr48,0,0,0,0,0,0,1,0,0,0,0,0
Wdr59,0,0,1,0,0,0,0,0,0,0,0,0
Wdr6,0,0,0,0,0,0,1,0,0,0,0,0
Wfdc12,0,0,0,1,1,0,0,0,0,0,0,0
Wfdc18,0,0,0,3,1,2,0,0,0,0,0,0
Wfdc2,0,1,0,0,0,0,0,0,0,0,0,0
Wfdc3,0,0,0,1,0,0,0,0,0,0,0,0
Whamm,0,0,0,0,0,0,0,0,0,0,0,1
Whrn,0,0,0,0,0,0,0,1,0,0,0,0
Wls,0,0,0,1,0,0,0,0,0,0,0,0
Wsb1,0,0,0,0,0,0,0,0,1,0,0,1
Wtap,0,0,1,0,0,0,0,1,0,0,0,0
Wwc1,0,0,0,0,1,0,0,1,0,0,0,0
Xdh,0,0,0,0,1,1,0,0,1,0,0,0
Xpnpep1,0,0,1,0,0,0,0,0,0,0,0,0
Xpo1,0,0,0,0,0,0,0,0,0,1,0,0
Xpo5,0,0,0,0,1,0,1,0,0,0,0,0
Xpot,0,0,1,0,0,0,1,0,0,0,0,0
Xrcc5,0,0,0,0,0,0,1,0,0,0,0,0
Xrn2,0,0,0,0,0,0,0,1,0,0,0,0
Xylt2,0,0,1,0,0,0,0,0,0,0,0,0
Yap1,0,0,1,0,0,0,1,0,0,1,0,0
Ybx1,1,0,0,1,0,0,0,0,0,0,0,0
Ybx3,0,0,0,0,0,1,0,0,0,0,0,0
Yipf5,0,0,0,0,1,0,0,0,0,0,0,0
Ylpm1,2,0,0,0,0,0,0,1,0,1,0,0
Yme1l1,0,0,0,0,0,0,0,0,1,0,0,0
Ythdc1,0,0,0,0,0,0,0,0,0,0,1,0
Ythdf1,0,0,0,0,0,1,0,0,0,0,1,0
Ythdf2,1,0,0,0,0,0,0,0,1,0,0,0
Ywhab,0,0,0,0,0,0,0,0,0,0,1,0
Ywhah,0,0,1,0,0,0,0,0,1,0,0,1
Ywhaq,0,0,0,0,0,1,0,0,0,0,0,0
Ywhaz,0,0,0,0,0,0,0,0,1,0,0,1
Zbed5,0,1,0,0,0,0,0,0,0,0,0,0
Zbtb10,0,0,0,0,0,1,0,0,0,0,0,0
Zbtb20,0,0,0,0,0,0,0,0,0,0,1,0
Zbtb22,0,1,0,0,0,0,0,0,0,0,0,0
Zbtb4,0,0,0,0,0,0,0,0,1,0,0,0
Zbtb40,0,0,0,0,0,0,1,0,0,0,0,0
Zbtb42,1,0,0,0,0,0,0,0,0,0,0,0
Zbtb43,0,0,0,0,0,0,0,0,1,0,0,0
Zbtb48,0,1,0,0,0,0,0,0,0,0,0,0
Zc3h11a,0,0,0,0,0,0,0,0,1,0,1,0
Zc3h13,0,0,1,0,0,0,0,0,0,0,0,0
Zc3h18,0,1,0,1,0,0,0,0,0,0,0,0
Zc3h4,0,0,0,0,1,0,0,0,0,0,0,0
Zc3h6,0,0,0,0,0,0,1,0,0,0,0,0
Zc3h7a,0,0,1,0,0,1,0,0,0,0,0,0
Zc3h7b,0,0,0,0,0,0,0,0,0,0,1,0
Zc3hav1,0,0,0,0,1,0,0,0,0,0,0,0
Zdhhc20,0,0,0,0,0,0,0,1,0,0,0,0
Zdhhc5,0,0,0,0,0,0,0,0,1,0,0,0
Zdhhc6,1,0,0,0,1,0,0,0,0,0,0,0
Zdhhc7,0,0,1,0,0,0,0,0,0,0,0,1
Zfand5,0,0,0,0,1,0,0,0,0,0,0,0
Zfp106,0,0,0,0,1,0,0,0,0,0,0,0
Zfp131,0,0,0,0,0,0,0,0,1,0,0,0
Zfp207,0,0,0,0,0,0,0,1,0,1,0,0
Zfp219,0,0,0,0,0,0,0,0,1,0,0,0
Zfp248,0,1,0,0,0,0,0,0,0,0,0,0
Zfp276,0,0,0,0,0,0,0,0,0,0,1,0
Zfp281,0,0,1,0,0,0,0,0,0,0,0,0
Zfp335,0,0,1,0,0,0,0,0,0,0,0,0
Zfp36,0,1,0,1,0,0,2,2,0,0,4,1
Zfp36l1,0,0,1,0,0,0,0,1,1,1,0,0
Zfp36l2,0,0,1,0,0,0,0,0,0,0,1,1
Zfp395,0,0,0,0,0,0,0,0,1,0,0,0
Zfp407,0,0,0,0,0,0,0,0,0,0,0,1
Zfp408,0,0,0,0,0,0,1,0,0,0,0,0
Zfp513,1,0,0,0,0,0,0,0,0,1,0,0
Zfp521,0,0,0,0,0,0,0,0,0,0,1,0
Zfp523,0,0,0,0,0,0,1,0,0,0,0,0
Zfp524,0,1,0,0,0,0,0,0,0,0,0,0
Zfp532,0,0,0,0,0,0,0,0,0,0,0,1
Zfp54,0,0,0,0,0,1,0,0,0,0,0,0
Zfp598,0,1,0,0,0,0,0,0,0,0,0,0
Zfp608,0,1,0,0,0,0,0,0,0,1,0,1
Zfp622,0,1,0,0,0,0,0,0,0,0,0,0
Zfp638,0,1,0,0,0,0,0,0,0,0,0,0
Zfp644,0,0,0,0,0,0,1,0,0,0,0,0
Zfp664,1,1,0,0,0,0,0,0,0,0,0,0
Zfp668,1,0,0,0,0,0,0,0,0,0,0,0
Zfp747,0,0,0,0,0,0,0,0,0,0,1,0
Zfp839,0,0,0,0,0,0,0,0,0,0,0,1
Zfp865,0,0,0,0,0,0,1,0,0,0,0,0
Zfp954,0,0,1,0,0,0,0,0,0,0,0,0
Zfp959,0,1,0,0,0,0,0,0,0,0,0,0
Zmiz1,0,0,0,0,0,0,0,1,1,0,0,0
Znfx1,1,0,0,0,0,0,1,0,0,0,0,0
Zswim4,1,0,0,0,0,0,0,0,0,0,0,0
Zswim6,1,0,0,0,0,0,0,0,0,0,0,0
Zxdb,1,0,0,0,0,0,0,0,0,0,0,0
Zzz3,0,0,1,0,0,0,0,0,0,0,0,0
mt-Atp6,4,3,9,9,5,5,2,6,2,4,2,4
mt-Atp8,0,1,1,0,1,0,0,0,2,0,1,3
mt-Co1,9,7,11,13,9,8,11,10,7,11,9,9
mt-Co2,3,4,8,8,4,3,8,3,2,3,4,5
mt-Co3,7,2,3,3,1,5,2,5,6,4,5,5
mt-Cytb,2,3,4,3,5,5,2,4,4,3,1,8
mt-Nd1,4,3,3,2,0,1,1,3,2,1,3,3
mt-Nd2,3,1,2,0,0,1,0,4,2,4,1,0
mt-Nd3,1,1,0,0,0,0,0,0,0,1,0,0
mt-Nd4,1,3,7,4,3,0,3,2,1,0,0,3
mt-Nd4l,1,0,2,0,1,0,0,0,0,0,1,0
mt-Nd5,2,2,4,4,2,3,2,1,1,3,0,2
mt-Nd6,0,0,0,0,0,0,0,0,0,0,4,1
